FID,Bacia,Rio,Unidade da Federação,Município,Responsável,Operadora,Tipo,Código,Estação,Latitude,Longitude,Área de Drenagem (km²),Réguas Linimétricas,Registrador de Nível,Medição de Descarga Líquida,Medição de Sedimentos,Medição de Qualidade da Água,Estação Telemétrica,Operando,Início (Réguas),Início (Registrador de Nível),Início (Descarga Líquida),Início (Sedimentos),Início (Qualidade da Água),Pluviômetro,Registrador de Chuva,Tanque Evaporimétrico,Estação Climatológica,Início (Pluviômetro),Início (Registrador Chuva),Início (Tanque Evaporimétrico),Início (Climatológica),Início (Telemetria),x,y
4232,"ATLÂNTICO,TRECHO NORTE/NORDESTE",-,PE,BARRA DE GUABIRABA,CEMADEN,CEMADEN,Pluviométrica,835160,BARRA DE GUABIRABA_Centro,-8.41805555556,-35.6638888889,-,Não,Não,Não,Não,Não,Sim,Sim,-,-,-,-,-,Sim,Não,Não,Não,jan-14,-,-,-,01/01/2014,-3970085.950818998,-940483.3650173513
4233,"ATLÂNTICO,TRECHO NORTE/NORDESTE",-,PE,BARRA DE GUABIRABA,EMATER,EMATER,Pluviométrica,835112,BARRA DE GUARATIBA,-8.43333333333,-35.6666666667,-,Não,Não,Não,Não,Não,Não,Sim,-,-,-,-,-,Sim,Não,Não,Não,jul-79,-,-,-,00:00:00,-3970395.171626757,-942202.6360349957
4234,"ATLÂNTICO,TRECHO NORTE/NORDESTE",-,PE,VERTENTES,EMATER,EMATER,Pluviométrica,735155,VERTENTES,-7.9,-35.9666666667,-,Não,Não,Não,Não,Não,Não,Sim,-,-,-,-,-,Sim,Não,Não,Não,jul-79,-,-,-,00:00:00,-4003791.0188647397,-882223.7746321363
4235,"ATLÂNTICO,TRECHO NORTE/NORDESTE",-,PE,VERTENTES,ANA,CPRM,Pluviométrica,735159,VERTENTES,-7.91,-35.9886111111,-,Não,Não,Não,Não,Não,Não,Sim,-,-,-,-,-,Sim,Não,Não,Não,mar-86,-,-,-,00:00:00,-4006233.8632460353,-883347.6491987176
4236,"ATLÂNTICO,TRECHO NORTE/NORDESTE",-,PE,VERTENTES,DNOCS,DNOCS,Pluviométrica,735085,VERTENTES,-7.91666666667,-35.9833333333,-,Não,Não,Não,Não,Não,Não,Sim,-,-,-,-,-,Sim,Não,Não,Não,ago-11,-,-,-,00:00:00,-4005646.343711294,-884096.9140485318
4251,"ATLÂNTICO,TRECHO NORTE/NORDESTE",-,PE,AGRESTINA,EMATER,EMATER,Pluviométrica,835110,AGRESTINA,-8.45,-35.95,-,Não,Não,Não,Não,Não,Não,Sim,-,-,-,-,-,Sim,Não,Não,Não,jan-79,-,-,-,00:00:00,-4001935.694018185,-944078.2819421665
4261,"ATLÂNTICO,TRECHO NORTE/NORDESTE",-,PE,ALTINHO,CEMADEN,CEMADEN,Pluviométrica,836099,ALTINHO_Prefeitura,-8.49055555556,-36.0602777778,-,Não,Não,Não,Não,Não,Sim,Sim,-,-,-,-,-,Sim,Não,Não,Não,jan-14,-,-,-,01/01/2014,-4014211.7600862207,-948642.6925693672
4262,"ATLÂNTICO,TRECHO NORTE/NORDESTE",-,PE,ALTINHO,EMATER,EMATER,Pluviométrica,836065,ALTINHO,-8.5,-36.0833333333,-,Não,Não,Não,Não,Não,Não,Sim,-,-,-,-,-,Sim,Não,Não,Não,jan-79,-,-,-,00:00:00,-4016778.292790622,-949705.7066627226
4266,"ATLÂNTICO,TRECHO NORTE/NORDESTE",-,PE,AMARAGI,CPRH-PE,CPRH-PE,Pluviométrica,835157,USINA ESTRELIANA-AMARAGI,-8.495,-35.4483333333,-,Não,Não,Não,Não,Não,Sim,Sim,-,-,-,-,-,Não,Não,Não,Não,-,-,-,-,01/10/2012,-3946090.4161368925,-949142.9312354343
4267,"ATLÂNTICO,TRECHO NORTE/NORDESTE",-,PE,AMARAGI,ANA,CPRM,Pluviométrica,835150,AMARAGI,-8.38027777778,-35.4552777778,-,Não,Não,Não,Não,Não,Sim,Sim,-,-,-,-,-,Não,Não,Não,Não,-,-,-,-,01/05/2012,-3946863.4681562907,-936232.3677002856
4280,"ATLÂNTICO,TRECHO NORTE/NORDESTE",-,PE,BELÉM DE MARIA,ANA,CPRM,Pluviométrica,835147,BELÉM DE MARIA,-8.62472222222,-35.8413888889,388,Não,Não,Não,Não,Não,Sim,Sim,-,-,-,-,-,Não,Não,Não,Não,-,-,-,-,01/04/2011,-3989845.160434805,-963746.2136593104
4281,"ATLÂNTICO,TRECHO NORTE/NORDESTE",-,PE,BELÉM DE MARIA,CEMADEN,CEMADEN,Pluviométrica,835163,BELÉM DE MARIA_Batateiras,-8.55805555556,-35.8288888889,-,Não,Não,Não,Não,Não,Sim,Sim,-,-,-,-,-,Sim,Não,Não,Não,jan-14,-,-,-,01/01/2014,-3988453.666799889,-956240.6932189711
4282,"ATLÂNTICO,TRECHO NORTE/NORDESTE",-,PE,BELÉM DE MARIA,ANA,CPRM,Pluviométrica,835149,BATATEIRAS,-8.53555555556,-35.8505555556,-,Não,Não,Não,Não,Não,Sim,Sim,-,-,-,-,-,Não,Não,Não,Não,-,-,-,-,01/04/2012,-3990865.5891004098,-953707.8771959989
4297,"ATLÂNTICO,TRECHO NORTE/NORDESTE",-,PE,BEZERROS,CEMADEN,CEMADEN,Pluviométrica,835164,BEZERROS_Centro,-8.22805555556,-35.7511111111,-,Não,Não,Não,Não,Não,Sim,Sim,-,-,-,-,-,Sim,Não,Não,Não,jan-14,-,-,-,01/01/2014,-3979795.484182634,-919107.513080712
4305,"ATLÂNTICO,TRECHO NORTE/NORDESTE",-,PE,BOM JARDIM,EMATER,EMATER,Pluviométrica,735138,BOM JARDIM,-7.78333333333,-35.6,-,Não,Não,Não,Não,Não,Não,Sim,-,-,-,-,-,Sim,Não,Não,Não,out-79,-,-,-,00:00:00,-3962973.872240539,-869113.9064715058
4306,"ATLÂNTICO,TRECHO NORTE/NORDESTE",-,PE,BOM JARDIM,DNOCS,DNOCS,Pluviométrica,735041,BOM JARDIM,-7.8,-35.5833333333,-,Não,Não,Não,Não,Não,Não,Sim,-,-,-,-,-,Sim,Não,Não,Não,ago-11,-,-,-,00:00:00,-3961118.547393985,-870986.5201008682
4309,"ATLÂNTICO,TRECHO NORTE/NORDESTE",-,PE,BONITO,EMBRAPA/IPAGRO,EMBRAPA/IPAGRO,Pluviométrica,835114,BONITO,-8.48333333333,-35.7333333333,-,Não,Não,Não,Não,Não,Não,Sim,-,-,-,-,-,Sim,Não,Não,Não,jul-79,-,-,-,00:00:00,-3977816.4710129756,-947829.8170902786
4312,"ATLÂNTICO,TRECHO NORTE/NORDESTE",-,PE,BREJINHO,EMATER,EMATER,Pluviométrica,737041,BREJINHO,-7.35,-37.3,-,Não,Não,Não,Não,Não,Não,Sim,-,-,-,-,-,Sim,Não,Não,Não,jan-79,-,-,-,00:00:00,-4152217.0065891035,-820451.6055035554
4316,"ATLÂNTICO,TRECHO NORTE/NORDESTE",-,PE,BREJO DA MADRE DE DEUS,ANA,CPRM,Pluviométrica,836092,BREJO DA MADRE DE DEUS,-8.14555555556,-36.3702777778,-,Não,Não,Não,Não,Não,Não,Sim,-,-,-,-,-,Sim,Não,Não,Não,mar-86,-,-,-,00:00:00,-4048720.802232136,-909829.0984059937
4317,"ATLÂNTICO,TRECHO NORTE/NORDESTE",-,PE,BREJO DA MADRE DE DEUS,EMATER,EMATER,Pluviométrica,836068,BREJO DA MADRE DE DEUS,-8.15,-36.3833333333,-,Não,Não,Não,Não,Não,Não,Sim,-,-,-,-,-,Sim,Não,Não,Não,mar-79,-,-,-,00:00:00,-4050174.140028604,-910328.8967535716
4332,"ATLÂNTICO,TRECHO NORTE/NORDESTE",-,PE,CABO DE SANTO AGOSTINHO,CEMADEN,CEMADEN,Pluviométrica,834028,CABO DE SANTO AGOSTINHO_Pontes dos Carvalhos,-8.23305555556,-34.9788888889,-,Não,Não,Não,Não,Não,Sim,Sim,-,-,-,-,-,Sim,Não,Não,Não,jan-14,-,-,-,01/01/2014,-3893832.0996256056,-919669.9031373226
4333,"ATLÂNTICO,TRECHO NORTE/NORDESTE",-,PE,CABO DE SANTO AGOSTINHO,ANA,CPRM,Pluviométrica,835138,PIRAPAMA,-8.27916666667,-35.0633333333,-,Não,Não,Não,Não,Não,Não,Sim,-,-,-,-,-,Sim,Não,Não,Não,mar-87,-,-,-,00:00:00,-3903232.4121814813,-924856.7245107075
4334,"ATLÂNTICO,TRECHO NORTE/NORDESTE",-,PE,CABO DE SANTO AGOSTINHO,EMATER,EMATER,Pluviométrica,835115,CABO,-8.3,-35.05,-,Não,Não,Não,Não,Não,Não,Sim,-,-,-,-,-,Sim,Não,Não,Não,jan-81,-,-,-,00:00:00,-3901748.152304238,-927200.3669171964
4338,"ATLÂNTICO,TRECHO NORTE/NORDESTE",-,PE,CABO DE SANTO AGOSTINHO,CEMADEN,CEMADEN,Pluviométrica,835165,CABO DE SANTO AGOSTINHO_Charneca,-8.29694444444,-35.0569444444,-,Não,Não,Não,Não,Não,Sim,Sim,-,-,-,-,-,Sim,Não,Não,Não,jan-14,-,-,-,01/01/2014,-3902521.2043236364,-926856.6249255232
4339,"ATLÂNTICO,TRECHO NORTE/NORDESTE",-,PE,CABO DE SANTO AGOSTINHO,CEMADEN,CEMADEN,Pluviométrica,835166,CABO DE SANTO AGOSTINHO_Torrinha,-8.28694444444,-35.0330555556,-,Não,Não,Não,Não,Não,Sim,Sim,-,-,-,-,-,Sim,Não,Não,Não,jan-14,-,-,-,01/01/2014,-3899861.905376908,-925731.6698200634
4340,"ATLÂNTICO,TRECHO NORTE/NORDESTE",-,PE,CABO DE SANTO AGOSTINHO,CEMADEN,CEMADEN,Pluviométrica,834027,CABO DE SANTO AGOSTINHO_Enseado dos Corais,-8.33,-34.9561111111,-,Não,Não,Não,Não,Não,Sim,Sim,-,-,-,-,-,Sim,Não,Não,Não,jan-14,-,-,-,01/01/2014,-3891296.4890019814,-930575.4304743506
4354,"ATLÂNTICO,TRECHO NORTE/NORDESTE",-,PE,CAETÉS,EMATER,EMATER,Pluviométrica,836070,CAETÉS,-8.78333333333,-36.6333333333,-,Não,Não,Não,Não,Não,Não,Sim,-,-,-,-,-,Sim,Não,Não,Não,jan-79,-,-,-,00:00:00,-4078004.012726922,-981608.4424893218
4355,"ATLÂNTICO,TRECHO NORTE/NORDESTE",-,PE,CALÇADO,EMATER,EMATER,Pluviométrica,836071,CALÇADO,-8.71666666667,-36.35,-,Não,Não,Não,Não,Não,Não,Sim,-,-,-,-,-,Sim,Não,Não,Não,jan-79,-,-,-,00:00:00,-4046463.4903354947,-974099.7528592062
4356,"ATLÂNTICO,TRECHO NORTE/NORDESTE",-,PE,CAMARAGIBE,CEMADEN,CEMADEN,Pluviométrica,734059,CAMARAGIBE_Vila da Fábrica,-7.99888888889,-34.98,-,Não,Não,Não,Não,Não,Sim,Sim,-,-,-,-,-,Sim,Não,Não,Não,jan-14,-,-,-,01/01/2014,-3893955.78794871,-893338.8472745089
4357,"ATLÂNTICO,TRECHO NORTE/NORDESTE",-,PE,CAMARAGIBE,CEMADEN,CEMADEN,Pluviométrica,735218,CAMARAGIBE_Aldeia,-7.95611111111,-35.0088888889,-,Não,Não,Não,Não,Não,Sim,Sim,-,-,-,-,-,Sim,Não,Não,Não,jan-14,-,-,-,01/01/2014,-3897171.6843494046,-888530.3128279193
4358,"ATLÂNTICO,TRECHO NORTE/NORDESTE",-,PE,CAMARAGIBE,CEMADEN,CEMADEN,Pluviométrica,835167,CAMARAGIBE_Alberto Maia,-8.02,-35.0030555556,-,Não,Não,Não,Não,Não,Sim,Sim,-,-,-,-,-,Sim,Não,Não,Não,jan-14,-,-,-,01/01/2014,-3896522.32065311,-895712.0760018168
4359,"ATLÂNTICO,TRECHO NORTE/NORDESTE",-,PE,CAMARAGIBE,CEMADEN,CEMADEN,Pluviométrica,834029,CAMARAGIBE_Timbi,-8.02611111111,-34.9930555556,-,Não,Não,Não,Não,Não,Sim,Sim,-,-,-,-,-,Sim,Não,Não,Não,jan-14,-,-,-,01/01/2014,-3895409.1257451773,-896399.0862451061
4360,"ATLÂNTICO,TRECHO NORTE/NORDESTE",-,PE,CAMARAGIBE,CEMADEN,CEMADEN,Pluviométrica,834030,CAMARAGIBE_Bairro dos Estados,-8.02611111111,-34.975,-,Não,Não,Não,Não,Não,Sim,Sim,-,-,-,-,-,Sim,Não,Não,Não,jan-14,-,-,-,01/01/2014,-3893399.1904947436,-896399.0862451061
4361,"ATLÂNTICO,TRECHO NORTE/NORDESTE",-,PE,CAMARAGIBE,CEMADEN,CEMADEN,Pluviométrica,834031,CAMARAGIBE_Jardim Primavera,-8.01194444444,-34.9688888889,-,Não,Não,Não,Não,Não,Sim,Sim,-,-,-,-,-,Sim,Não,Não,Não,jan-14,-,-,-,01/01/2014,-3892718.904717673,-894806.4873632399
4362,"ATLÂNTICO,TRECHO NORTE/NORDESTE",-,PE,CAMARAGIBE,APAC-PE,APAC-PE,Pluviométrica,834026,TIMBI CAMAGARIBE,-8.02194444444,-34.9925,-,Não,Não,Não,Não,Não,Sim,Sim,-,-,-,-,-,Não,Não,Não,Não,-,-,-,-,01/07/2013,-3895347.2815836254,-895930.6690498659
4363,"ATLÂNTICO,TRECHO NORTE/NORDESTE",-,PE,CAMOCIM DE SÃO FÉLIX,EMATER,EMATER,Pluviométrica,835116,CAMOCIM DE SÃO FÉLIX,-8.35,-35.7666666667,-,Não,Não,Não,Não,Não,Não,Sim,-,-,-,-,-,Sim,Não,Não,Não,ago-79,-,-,-,00:00:00,-3981527.120706084,-932825.6165409666
4369,"ATLÂNTICO,TRECHO NORTE/NORDESTE",-,PE,CANHOTINHO,ANA,CPRM,Pluviométrica,836097,CANHOTINHO,-8.8825,-36.2186111111,-,Não,Não,Não,Não,Não,Sim,Sim,-,-,-,-,-,Não,Não,Não,Não,-,-,-,-,01/03/2011,-4031837.34612849,-992780.1191990204
4370,"ATLÂNTICO,TRECHO NORTE/NORDESTE",-,PE,CANHOTINHO,APAC-PE,APAC-PE,Pluviométrica,836009,CANHOTINHO (DNOS),-8.86666666667,-36.2,-,Não,Não,Não,Não,Não,Não,Sim,-,-,-,-,-,Sim,Não,Não,Não,jan-63,-,-,-,00:00:00,-4029765.566716504,-990996.2042708488
4372,"ATLÂNTICO,TRECHO NORTE/NORDESTE",-,PE,CANHOTINHO,SERRA GRANDE,SERRA GRANDE,Pluviométrica,836111,PCH ORIENTAL MONTANTE,-8.98305555556,-36.1561111111,-,Não,Não,Não,Não,Não,Sim,Sim,-,-,-,-,-,Sim,Não,Não,Não,ago-15,-,-,-,01/08/2015,-4024879.877953909,-1004111.3481871074
4373,"ATLÂNTICO,TRECHO NORTE/NORDESTE",-,PE,CANHOTINHO,EMATER,EMATER,Pluviométrica,836072,CANHOTINHO,-8.86666666667,-36.2,-,Não,Não,Não,Não,Não,Não,Sim,-,-,-,-,-,Sim,Não,Não,Não,jan-79,-,-,-,00:00:00,-4029765.566716504,-990996.2042708488
4375,"ATLÂNTICO,TRECHO NORTE/NORDESTE",-,PE,CAPOEIRAS,EMATER,EMATER,Pluviométrica,836073,CAPOEIRAS,-8.73333333333,-36.6333333333,-,Não,Não,Não,Não,Não,Não,Sim,-,-,-,-,-,Sim,Não,Não,Não,ago-79,-,-,-,00:00:00,-4078004.012726922,-975976.7992828202
4379,"ATLÂNTICO,TRECHO NORTE/NORDESTE",-,PE,CARPINA,CEMADEN,CEMADEN,Pluviométrica,735223,NAZARÉ DA MATA_Fazenda Sertãozinho,-7.79888888889,-35.2630555556,-,Não,Não,Não,Não,Não,Sim,Sim,-,-,-,-,-,Sim,Não,Não,Não,jan-14,-,-,-,01/01/2014,-3925465.3882593615,-870861.6768725815
4380,"ATLÂNTICO,TRECHO NORTE/NORDESTE",-,PE,CARPINA,ANA,CPRM,Pluviométrica,735157,CARPINA,-7.84277777778,-35.1825,-,Não,Não,Não,Não,Não,Não,Sim,-,-,-,-,-,Sim,Não,Não,Não,mar-86,-,-,-,00:00:00,-3916497.9848343465,-875793.2370237329
4381,"ATLÂNTICO,TRECHO NORTE/NORDESTE",-,PE,CARPINA,EMATER,EMATER,Pluviométrica,735140,CARPINA,-7.83333333333,-35.25,-,Não,Não,Não,Não,Não,Não,Sim,-,-,-,-,-,Sim,Não,Não,Não,ago-79,-,-,-,00:00:00,-3924012.0504628937,-874731.9713810537
4382,"ATLÂNTICO,TRECHO NORTE/NORDESTE",-,PE,CARPINA,DNOCS,DNOCS,Pluviométrica,735046,CARPINA (FLORESTA DOS LEÕES),-7.85,-35.25,-,Não,Não,Não,Não,Não,Não,Sim,-,-,-,-,-,Sim,Não,Não,Não,jan-34,-,-,-,00:00:00,-3924012.0504628927,-876604.8093607483
4388,"ATLÂNTICO,TRECHO NORTE/NORDESTE",-,PE,CARUARU,EMATER,EMATER,Pluviométrica,835117,CARUARU,-8.28333333333,-35.9666666667,-,Não,Não,Não,Não,Não,Não,Sim,-,-,-,-,-,Sim,Não,Não,Não,jul-79,-,-,-,00:00:00,-4003791.0188647397,-925325.443061767
4389,"ATLÂNTICO,TRECHO NORTE/NORDESTE",-,PE,CARUARU,CEMADEN,CEMADEN,Pluviométrica,835170,CARUARU_2º Distrito,-8.17611111111,-35.9730555556,-,Não,Não,Não,Não,Não,Sim,Sim,-,-,-,-,-,Sim,Não,Não,Não,jan-14,-,-,-,01/01/2014,-4004502.226722585,-913265.3242780344
4390,"ATLÂNTICO,TRECHO NORTE/NORDESTE",-,PE,CARUARU,CEMADEN,CEMADEN,Pluviométrica,835171,CARUARU_Gonçalves Ferreira,-8.25805555556,-35.8838888889,-,Não,Não,Não,Não,Não,Sim,Sim,-,-,-,-,-,Sim,Não,Não,Não,jan-14,-,-,-,01/01/2014,-3994576.238793518,-922481.9600271335
4391,"ATLÂNTICO,TRECHO NORTE/NORDESTE",-,PE,CARUARU,CEMADEN,CEMADEN,Pluviométrica,835172,CARUARU_Terra Vermelha,-8.37305555556,-35.9861111111,-,Não,Não,Não,Não,Não,Sim,Sim,-,-,-,-,-,Sim,Não,Não,Não,jan-14,-,-,-,01/01/2014,-4005955.564519054,-935419.7241083166
4392,"ATLÂNTICO,TRECHO NORTE/NORDESTE",-,PE,CARUARU,ANA,CPRM,Pluviométrica,835106,CARUARU,-8.30277777778,-36.0108333333,-,Não,Não,Não,Não,Não,Sim,Sim,-,-,-,-,-,Sim,Não,Não,Não,jan-64,-,-,-,01/05/2012,-4008707.6297081085,-927512.8619575487
4394,"ATLÂNTICO,TRECHO NORTE/NORDESTE",-,PE,CARUARU,CEMADEN,CEMADEN,Pluviométrica,836102,CARUARU_Alto do Moura,-8.29694444444,-36.0311111111,-,Não,Não,Não,Não,Não,Sim,Sim,-,-,-,-,-,Sim,Não,Não,Não,jan-14,-,-,-,01/01/2014,-4010964.94160475,-926856.6249255232
4395,"ATLÂNTICO,TRECHO NORTE/NORDESTE",-,PE,CARUARU,CEMADEN,CEMADEN,Pluviométrica,835168,CARUARU_Centro,-8.285,-35.9761111111,-,Não,Não,Não,Não,Não,Sim,Sim,-,-,-,-,-,Sim,Não,Não,Não,jan-14,-,-,-,01/01/2014,-4004842.3696111212,-925512.9318715552
4396,"ATLÂNTICO,TRECHO NORTE/NORDESTE",-,PE,CARUARU,CEMADEN,CEMADEN,Pluviométrica,835169,CARUARU_Cidade Jardim,-8.27694444444,-35.9488888889,-,Não,Não,Não,Não,Não,Sim,Sim,-,-,-,-,-,Sim,Não,Não,Não,jan-14,-,-,-,01/01/2014,-4001812.005695081,-924606.7433117096
4402,"ATLÂNTICO,TRECHO NORTE/NORDESTE",-,PE,CATENDE,ANA,CPRM,Pluviométrica,835148,CATENDE,-8.67861111111,-35.7233333333,-,Não,Não,Não,Não,Não,Sim,Sim,-,-,-,-,-,Não,Não,Não,Não,-,-,-,-,01/04/2011,-3976703.276105043,-969814.1437176805
4403,"ATLÂNTICO,TRECHO NORTE/NORDESTE",-,PE,CATENDE,CEMADEN,CEMADEN,Pluviométrica,835173,CATENDE_Centro,-8.66888888889,-35.72,-,Não,Não,Não,Não,Não,Sim,Sim,-,-,-,-,-,Sim,Não,Não,Não,jan-14,-,-,-,01/01/2014,-3976332.2111357315,-968719.3498223369
4404,"ATLÂNTICO,TRECHO NORTE/NORDESTE",-,PE,CATENDE,CEMADEN,CEMADEN,Pluviométrica,835174,CATENDE_Canaã,-8.67,-35.7369444444,-,Não,Não,Não,Não,Não,Sim,Sim,-,-,-,-,-,Sim,Não,Não,Não,jan-14,-,-,-,01/01/2014,-3978218.458063062,-968844.4676905408
4405,"ATLÂNTICO,TRECHO NORTE/NORDESTE",-,PE,CATENDE,CEMADEN,CEMADEN,Pluviométrica,835175,CATENDE_Laje Grande,-8.59805555556,-35.7661111111,-,Não,Não,Não,Não,Não,Sim,Sim,-,-,-,-,-,Sim,Não,Não,Não,jan-14,-,-,-,01/01/2014,-3981465.2765445327,-960743.8471114474
4407,"ATLÂNTICO,TRECHO NORTE/NORDESTE",-,PE,CHÃ GRANDE,CEMADEN,CEMADEN,Pluviométrica,835176,CHA GRANDE_Centro,-8.24444444444,-35.4597222222,-,Não,Não,Não,Não,Não,Sim,Sim,-,-,-,-,-,Sim,Não,Não,Não,jan-14,-,-,-,01/01/2014,-3947358.2214487055,-920950.9292266391
4408,"ATLÂNTICO,TRECHO NORTE/NORDESTE",-,PE,CHÃ GRANDE,EMATER,EMATER,Pluviométrica,835118,CHÃ GRANDE,-8.25,-35.4666666667,-,Não,Não,Não,Não,Não,Não,Sim,-,-,-,-,-,Sim,Não,Não,Não,mar-80,-,-,-,00:00:00,-3948131.273468103,-921575.8333872687
4410,"ATLÂNTICO,TRECHO NORTE/NORDESTE",-,PE,CORRENTES,APAC-PE,APAC-PE,Pluviométrica,936004,CORRENTES,-9.11666666667,-36.3333333333,-,Não,Não,Não,Não,Não,Não,Sim,-,-,-,-,-,Sim,Não,Não,Não,mar-34,-,-,-,00:00:00,-4044608.1654889397,-1019172.3545332564
4411,"ATLÂNTICO,TRECHO NORTE/NORDESTE",-,PE,CORRENTES,ANA,CPRM,Pluviométrica,936120,CORRENTES II,-9.12333333333,-36.3405555556,-,Não,Não,Não,Não,Não,Sim,Sim,-,-,-,-,-,Não,Não,Não,Não,-,-,-,-,01/06/2011,-4045412.139589114,-1019923.9861946162
4412,"ATLÂNTICO,TRECHO NORTE/NORDESTE",-,PE,CORRENTES,EMATER,EMATER,Pluviométrica,936105,CORRENTES,-9.11666666667,-36.35,-,Não,Não,Não,Não,Não,Não,Sim,-,-,-,-,-,Sim,Não,Não,Não,abr-79,-,-,-,00:00:00,-4046463.4903354947,-1019172.3545332564
4414,"ATLÂNTICO,TRECHO NORTE/NORDESTE",-,PE,CORRENTES,CEMADEN,CEMADEN,Pluviométrica,936128,CORRENTES_Centro,-9.12805555556,-36.3288888889,-,Não,Não,Não,Não,Não,Sim,Sim,-,-,-,-,-,Sim,Não,Não,Não,jan-14,-,-,-,01/01/2014,-4044113.412196525,-1020456.4004517649
4415,"ATLÂNTICO,TRECHO NORTE/NORDESTE",-,PE,CORTES,CEMADEN,CEMADEN,Pluviométrica,835177,CORTES_Morro do Cemitério,-8.47,-35.5438888889,-,Não,Não,Não,Não,Não,Sim,Sim,-,-,-,-,-,Sim,Não,Não,Não,jan-14,-,-,-,01/01/2014,-3956727.6119238045,-946329.1640392903
4416,"ATLÂNTICO,TRECHO NORTE/NORDESTE",-,PE,CORTES,EMATER,EMATER,Pluviométrica,835119,CORTES,-8.46666666667,-35.55,-,Não,Não,Não,Não,Não,Não,Sim,-,-,-,-,-,Sim,Não,Não,Não,mar-81,-,-,-,00:00:00,-3957407.897700875,-945954.0089053506
4417,"ATLÂNTICO,TRECHO NORTE/NORDESTE",-,PE,CUPIRA,EMATER,EMATER,Pluviométrica,835121,CUPIRA,-8.61666666667,-35.95,-,Não,Não,Não,Não,Não,Não,Sim,-,-,-,-,-,Sim,Não,Não,Não,jan-79,-,-,-,00:00:00,-4001935.694018184,-962839.226452551
4428,"ATLÂNTICO,TRECHO NORTE/NORDESTE",-,PE,ESCADA,CEMADEN,CEMADEN,Pluviométrica,835194,PRIMAVERA_Centro,-8.33111111111,-35.3519444444,-,Não,Não,Não,Não,Não,Sim,Sim,-,-,-,-,-,Sim,Não,Não,Não,jan-14,-,-,-,01/01/2014,-3935360.4541076524,-930700.4377916711
4429,"ATLÂNTICO,TRECHO NORTE/NORDESTE",-,PE,ESCADA,CEMADEN,CEMADEN,Pluviométrica,835178,ESCADA_Jaguaribe,-8.36888888889,-35.2411111111,-,Não,Não,Não,Não,Não,Sim,Sim,-,-,-,-,-,Sim,Não,Não,Não,jan-14,-,-,-,01/01/2014,-3923022.5438780645,-934950.8981258776
4430,"ATLÂNTICO,TRECHO NORTE/NORDESTE",-,PE,ESCADA,DNOCS,DNOCS,Pluviométrica,835022,ESCADA,-8.36666666667,-35.2333333333,-,Não,Não,Não,Não,Não,Não,Sim,-,-,-,-,-,Sim,Não,Não,Não,jun-20,-,-,-,00:00:00,-3922156.7256163387,-934700.8596529053
4448,"ATLÂNTICO,TRECHO NORTE/NORDESTE",-,PE,FREI MIGUELINHO,EMATER,EMATER,Pluviométrica,735142,FREI MIGUELINHO,-7.95,-35.95,-,Não,Não,Não,Não,Não,Não,Sim,-,-,-,-,-,Sim,Não,Não,Não,jul-79,-,-,-,00:00:00,-4001935.694018185,-887843.4203578553
4452,"ATLÂNTICO,TRECHO NORTE/NORDESTE",-,PE,GARANHUNS,EMATER,EMATER,Pluviométrica,836074,GARANHUNS,-8.88333333333,-36.5,-,Não,Não,Não,Não,Não,Não,Sim,-,-,-,-,-,Sim,Não,Não,Não,jan-79,-,-,-,00:00:00,-4063161.413954485,-992874.0115913604
4453,"ATLÂNTICO,TRECHO NORTE/NORDESTE",-,PE,GARANHUNS,INMET,INMET,Pluviométrica,836014,GARANHUNS,-8.88333333333,-36.5166666667,-,Não,Não,Não,Não,Não,Sim,Sim,-,-,-,-,-,Sim,Sim,Sim,Sim,fev-13,fev-13,fev-13,fev-13,01/07/2007,-4065016.73880104,-992874.0115913604
4454,"ATLÂNTICO,TRECHO NORTE/NORDESTE",-,PE,GARANHUNS,APAC-PE,APAC-PE,Pluviométrica,836015,GARANHUNS,-8.88333333333,-36.4833333333,-,Não,Não,Não,Não,Não,Não,Sim,-,-,-,-,-,Sim,Não,Não,Não,jun-20,-,-,-,00:00:00,-4061306.0891079307,-992874.0115913604
4455,"ATLÂNTICO,TRECHO NORTE/NORDESTE",-,PE,GLÓRIA DO GOITÁ,ANA,CPRM,Pluviométrica,835136,GLÓRIA DO GOITÁ,-8,-35.2908333333,-,Não,Não,Não,Não,Não,Não,Sim,-,-,-,-,-,Sim,Não,Não,Não,mar-86,-,-,-,00:00:00,-3928557.5963369515,-893463.7509833736
4456,"ATLÂNTICO,TRECHO NORTE/NORDESTE",-,PE,GLÓRIA DO GOITÁ,EMATER,EMATER,Pluviométrica,835122,GLÓRIA DO GOITA,-8.01666666667,-35.3,-,Não,Não,Não,Não,Não,Não,Sim,-,-,-,-,-,Sim,Não,Não,Não,jan-79,-,-,-,00:00:00,-3929578.025002557,-895337.3474939046
4459,"ATLÂNTICO,TRECHO NORTE/NORDESTE",-,PE,GOIANA,INMET,INMET,Pluviométrica,735052,GOIANA,-7.56666666667,-35,-,Não,Não,Não,Não,Não,Não,Sim,-,-,-,-,-,Sim,Sim,Sim,Sim,fev-11,fev-11,fev-11,fev-11,00:00:00,-3896182.1777645745,-844776.6448679062
4460,"ATLÂNTICO,TRECHO NORTE/NORDESTE",-,PE,GOIANA,CEMADEN,CEMADEN,Pluviométrica,734060,GOIANA_Prefeitura Municipal,-7.58611111111,-34.9983333333,-,Não,Não,Não,Não,Não,Sim,Sim,-,-,-,-,-,Sim,Não,Não,Não,jan-14,-,-,-,01/01/2014,-3895996.6452799207,-846960.2535285789
4461,"ATLÂNTICO,TRECHO NORTE/NORDESTE",-,PE,GOIANA,CEMADEN,CEMADEN,Pluviométrica,735219,GOIANA_Estadio Municipal Agamemon Magalhães,-7.56388888889,-35.0044444444,-,Não,Não,Não,Não,Não,Sim,Sim,-,-,-,-,-,Sim,Não,Não,Não,jan-14,-,-,-,01/01/2014,-3896676.9310569903,-844464.7088152093
4470,"ATLÂNTICO,TRECHO NORTE/NORDESTE",-,PE,GRAVATÁ,ANA,CPRM,Pluviométrica,835154,GRAVATÁ,-8.21277777778,-35.6041666667,-,Não,Não,Não,Não,Não,Sim,Sim,-,-,-,-,-,Não,Não,Não,Não,-,-,-,-,01/08/2012,-3963437.7034521787,-917389.1429710031
4471,"ATLÂNTICO,TRECHO NORTE/NORDESTE",-,PE,GRAVATÁ,EMATER,EMATER,Pluviométrica,835123,GRAVATA,-8.21666666667,-35.5666666667,-,Não,Não,Não,Não,Não,Não,Sim,-,-,-,-,-,Sim,Não,Não,Não,out-79,-,-,-,00:00:00,-3959263.2225474305,-917826.539992403
4472,"ATLÂNTICO,TRECHO NORTE/NORDESTE",-,PE,GRAVATÁ,DNOCS,DNOCS,Pluviométrica,835030,GRAVATA,-8.21666666667,-35.5666666667,-,Não,Não,Não,Não,Não,Não,Sim,-,-,-,-,-,Sim,Não,Não,Não,nov-33,-,-,-,00:00:00,-3959263.2225474305,-917826.539992403
4473,"ATLÂNTICO,TRECHO NORTE/NORDESTE",-,PE,IATI,EMATER,EMATER,Pluviométrica,936106,IATI,-9.05,-36.8666666667,-,Não,Não,Não,Não,Não,Não,Sim,-,-,-,-,-,Sim,Não,Não,Não,ago-79,-,-,-,00:00:00,-4103978.5605786853,-1011656.8080352809
4474,"ATLÂNTICO,TRECHO NORTE/NORDESTE",-,PE,IBIRAJUBA,EMATER,EMATER,Pluviométrica,836075,IBIRAJUBA,-8.58333333333,-36.1833333333,-,Não,Não,Não,Não,Não,Não,Sim,-,-,-,-,-,Sim,Não,Não,Não,mar-79,-,-,-,00:00:00,-4027910.241869948,-959086.3811421788
4479,"ATLÂNTICO,TRECHO NORTE/NORDESTE",-,PE,IGARASSU,CEMADEN,CEMADEN,Pluviométrica,734063,IGARASSU_Cruz de Rebouças2,-7.87111111111,-34.8619444444,-,Não,Não,Não,Não,Não,Sim,Sim,-,-,-,-,-,Sim,Não,Não,Não,jan-14,-,-,-,01/01/2014,-3880813.9036189476,-878977.1786506635
4480,"ATLÂNTICO,TRECHO NORTE/NORDESTE",-,PE,IGARASSU,CEMADEN,CEMADEN,Pluviométrica,734061,IGARASSU_Alto do Céu,-7.80694444444,-34.9330555556,-,Não,Não,Não,Não,Não,Sim,Sim,-,-,-,-,-,Sim,Não,Não,Não,jan-14,-,-,-,01/01/2014,-3888729.9562975806,-871766.7977933071
4481,"ATLÂNTICO,TRECHO NORTE/NORDESTE",-,PE,IGARASSU,CEMADEN,CEMADEN,Pluviométrica,735220,IGARASSU_Três Ladeiras,-7.75805555556,-35.0361111111,-,Não,Não,Não,Não,Não,Sim,Sim,-,-,-,-,-,Sim,Não,Não,Não,jan-14,-,-,-,01/01/2014,-3900202.048265443,-866273.9178408742
4486,"ATLÂNTICO,TRECHO NORTE/NORDESTE",-,PE,IGARASSU,CEMADEN,CEMADEN,Pluviométrica,734062,IGARASSU_Cruz de Rebouças,-7.87388888889,-34.9161111111,-,Não,Não,Não,Não,Não,Sim,Sim,-,-,-,-,-,Sim,Não,Não,Não,jan-14,-,-,-,01/01/2014,-3886843.70937025,-879289.3414940399
4501,"ATLÂNTICO,TRECHO NORTE/NORDESTE",-,PE,ITAMBÉ (EX-TAMBÉ),ANA,CPRM,Pluviométrica,735173,CARICÉ,-7.54277777778,-35.0686111111,-,Não,Não,Não,Não,Não,Sim,Sim,-,-,-,-,-,Não,Não,Não,Não,-,-,-,-,01/08/2012,-3903819.931716225,-842094.0603862792
4502,"ATLÂNTICO,TRECHO NORTE/NORDESTE",-,PE,ITAMBÉ (EX-TAMBÉ),DNOCS,DNOCS,Pluviométrica,735072,ITAMBÉ,-7.41666666667,-35.1166666667,-,Não,Não,Não,Não,Não,Não,Sim,-,-,-,-,-,Sim,Não,Não,Não,out-10,-,-,-,00:00:00,-3909169.451690457,-827934.9528566304
4504,"ATLÂNTICO,TRECHO NORTE/NORDESTE",-,PE,JAQUEIRA,CEMADEN,CEMADEN,Pluviométrica,835185,JAQUEIRA_jaqueira01,-8.73111111111,-35.8038888889,-,Não,Não,Não,Não,Não,Sim,Sim,-,-,-,-,-,Sim,Não,Não,Não,jan-14,-,-,-,01/01/2014,-3985670.6795300557,-975726.521583664
4511,"ATLÂNTICO,TRECHO NORTE/NORDESTE",-,PE,JATAÚBA,EMATER,EMATER,Pluviométrica,736037,JATAÚBA,-7.98333333333,-36.5,-,Não,Não,Não,Não,Não,Não,Sim,-,-,-,-,-,Sim,Não,Não,Não,set-79,-,-,-,00:00:00,-4063161.413954485,-891590.2310670345
4512,"ATLÂNTICO,TRECHO NORTE/NORDESTE",-,PE,JATAÚBA,ANA,CPRM,Pluviométrica,736040,JATAÚBA,-7.98638888889,-36.5005555556,-,Não,Não,Não,Não,Não,Não,Sim,-,-,-,-,-,Sim,Não,Não,Não,abr-86,-,-,-,00:00:00,-4063223.2581160376,-891933.7039919054
4513,"ATLÂNTICO,TRECHO NORTE/NORDESTE",-,PE,JOÃO ALFREDO,EMATER,EMATER,Pluviométrica,735143,JOÃO ALFREDO,-7.86666666667,-35.6,-,Não,Não,Não,Não,Não,Não,Sim,-,-,-,-,-,Sim,Não,Não,Não,jan-80,-,-,-,00:00:00,-3962973.872240539,-878477.722452811
4514,"ATLÂNTICO,TRECHO NORTE/NORDESTE",-,PE,JOAQUIM NABUCO,ANA,CPRM,Pluviométrica,835152,ENGENHO BENTO,-8.49722222222,-35.4977777778,-,Não,Não,Não,Não,Não,Sim,Sim,-,-,-,-,-,Não,Não,Não,Não,-,-,-,-,01/05/2012,-3951594.5465150047,-949393.0527417009
4516,"ATLÂNTICO,TRECHO NORTE/NORDESTE",-,PE,JOAQUIM NABUCO,CEMADEN,CEMADEN,Pluviométrica,835186,JOAQUIM NABUCO_Centro,-8.62611111111,-35.5261111111,-,Não,Não,Não,Não,Não,Sim,Sim,-,-,-,-,-,Sim,Não,Não,Não,jan-14,-,-,-,01/01/2014,-3954748.5987541475,-963902.592718288
4517,"ATLÂNTICO,TRECHO NORTE/NORDESTE",-,PE,JUPI,EMATER,EMATER,Pluviométrica,836076,JUPI,-8.7,-36.4166666667,-,Não,Não,Não,Não,Não,Não,Sim,-,-,-,-,-,Sim,Não,Não,Não,nov-79,-,-,-,00:00:00,-4053884.789721712,-972222.7901476555
4518,"ATLÂNTICO,TRECHO NORTE/NORDESTE",-,PE,JUREMA,CEMADEN,CEMADEN,Pluviométrica,836103,JUREMA_Centro,-8.72,-36.1430555556,-,Não,Não,Não,Não,Não,Sim,Sim,-,-,-,-,-,Sim,Não,Não,Não,jan-14,-,-,-,01/01/2014,-4023426.540157442,-974475.1554416439
4519,"ATLÂNTICO,TRECHO NORTE/NORDESTE",-,PE,JUREMA,EMATER,EMATER,Pluviométrica,836077,JUREMA,-8.7,-36.15,-,Não,Não,Não,Não,Não,Não,Sim,-,-,-,-,-,Sim,Não,Não,Não,jan-79,-,-,-,00:00:00,-4024199.5921768392,-972222.7901476555
4520,"ATLÂNTICO,TRECHO NORTE/NORDESTE",-,PE,LAGOA DO OURO,EMATER,EMATER,Pluviométrica,936107,LAGOA DO OURO,-9.11666666667,-36.4666666667,-,Não,Não,Não,Não,Não,Não,Sim,-,-,-,-,-,Sim,Não,Não,Não,mar-79,-,-,-,00:00:00,-4059450.7642613766,-1019172.3545332564
4521,"ATLÂNTICO,TRECHO NORTE/NORDESTE",-,PE,LAGOA DOS GATOS,EMATER,EMATER,Pluviométrica,835124,LAGOA DOS GATOS,-8.65666666667,-35.905,-,Não,Não,Não,Não,Não,Não,Sim,-,-,-,-,-,Sim,Não,Não,Não,jan-79,-,-,-,00:00:00,-3996926.3169324873,-967343.0776770043
4524,"ATLÂNTICO,TRECHO NORTE/NORDESTE",-,PE,LIMOEIRO,ANA,CPRM,Pluviométrica,735100,LIMOEIRO,-7.87888888889,-35.4519444444,-,Não,Não,Não,Não,Não,Sim,Sim,-,-,-,-,-,Sim,Não,Não,Não,set-78,-,-,-,01/04/2011,-3946492.40318698,-879851.2398870044
4525,"ATLÂNTICO,TRECHO NORTE/NORDESTE",-,PE,LIMOEIRO,EMATER,EMATER,Pluviométrica,735144,LIMOEIRO,-7.86666666667,-35.4666666667,-,Não,Não,Não,Não,Não,Não,Sim,-,-,-,-,-,Sim,Não,Não,Não,jan-79,-,-,-,00:00:00,-3948131.273468103,-878477.722452811
4527,"ATLÂNTICO,TRECHO NORTE/NORDESTE",-,PE,MACAPARANA,EMATER,EMATER,Pluviométrica,735145,MACAPARANA,-7.55,-35.45,-,Não,Não,Não,Não,Não,Não,Sim,-,-,-,-,-,Sim,Não,Não,Não,jan-79,-,-,-,00:00:00,-3946275.9486215482,-842905.0586586989
4529,"ATLÂNTICO,TRECHO NORTE/NORDESTE",-,PE,MARAIAL,CEMADEN,CEMADEN,Pluviométrica,835187,MARAIAL_Centro,-8.78305555556,-35.8111111111,-,Não,Não,Não,Não,Não,Sim,Sim,-,-,-,-,-,Sim,Não,Não,Não,jan-14,-,-,-,01/01/2014,-3986474.65363023,-981577.1534890612
4530,"ATLÂNTICO,TRECHO NORTE/NORDESTE",-,PE,MARAIAL,CEMADEN,CEMADEN,Pluviométrica,835188,MARAIAL_Sertãozinho de Cima,-8.88388888889,-35.7480555556,-,Não,Não,Não,Não,Não,Sim,Sim,-,-,-,-,-,Sim,Não,Não,Não,jan-14,-,-,-,01/01/2014,-3979455.3412940996,-992936.606638165
4531,"ATLÂNTICO,TRECHO NORTE/NORDESTE",-,PE,MARAIAL,EMATER,EMATER,Pluviométrica,835125,MARAIAL,-8.76666666667,-35.8333333333,-,Não,Não,Não,Não,Não,Não,Sim,-,-,-,-,-,Sim,Não,Não,Não,jan-81,-,-,-,00:00:00,-3988948.4200923033,-979731.1439315147
4532,"ATLÂNTICO,TRECHO NORTE/NORDESTE",-,PE,MARAIAL,ANA,CPRM,Pluviométrica,835146,SÍTIO CACHOEIRA,-8.89666666667,-35.7677777778,-,Não,Não,Não,Não,Não,Sim,Sim,-,-,-,-,-,Não,Não,Não,Não,-,-,-,-,01/02/2010,-3981650.809029188,-994376.3189110738
4538,"ATLÂNTICO,TRECHO NORTE/NORDESTE",-,PE,MORENO,CEMADEN,CEMADEN,Pluviométrica,835189,MORENO_Bonança,-8.105,-35.195,-,Não,Não,Não,Não,Não,Sim,Sim,-,-,-,-,-,Sim,Não,Não,Não,jan-14,-,-,-,01/01/2014,-3917889.4784692624,-905268.6944366433
4539,"ATLÂNTICO,TRECHO NORTE/NORDESTE",-,PE,MORENO,CEMADEN,CEMADEN,Pluviométrica,835190,MORENO_Centro,-8.11805555556,-35.1011111111,-,Não,Não,Não,Não,Não,Sim,Sim,-,-,-,-,-,Sim,Não,Não,Não,jan-14,-,-,-,01/01/2014,-3907437.8151670056,-906736.719402333
4540,"ATLÂNTICO,TRECHO NORTE/NORDESTE",-,PE,MORENO,ANA,CPRM,Pluviométrica,835156,MORENO,-8.11666666667,-35.1,-,Não,Não,Não,Não,Não,Sim,Sim,-,-,-,-,-,Não,Não,Não,Não,-,-,-,-,01/05/2012,-3907314.1268439027,-906580.5442669647
4542,"ATLÂNTICO,TRECHO NORTE/NORDESTE",-,PE,NAZARÉ DA MATA,CEMADEN,CEMADEN,Pluviométrica,735221,NAZARÉ DA MATA_Engenho Coqueiro,-7.73305555556,-35.2638888889,-,Não,Não,Não,Não,Não,Sim,Sim,-,-,-,-,-,Sim,Não,Não,Não,jan-14,-,-,-,01/01/2014,-3925558.154501688,-863465.3057682337
4543,"ATLÂNTICO,TRECHO NORTE/NORDESTE",-,PE,NAZARÉ DA MATA,CEMADEN,CEMADEN,Pluviométrica,735222,NAZARÉ DA MATA_Centro,-7.74,-35.2261111111,-,Não,Não,Não,Não,Não,Sim,Sim,-,-,-,-,-,Sim,Não,Não,Não,jan-14,-,-,-,01/01/2014,-3921352.751516165,-864245.4590726049
4544,"ATLÂNTICO,TRECHO NORTE/NORDESTE",-,PE,NAZARÉ DA MATA,ANA,CPRM,Pluviométrica,735174,NAZARÉ DA MATA,-7.75416666667,-35.2330555556,-,Não,Não,Não,Não,Não,Sim,Sim,-,-,-,-,-,Não,Não,Não,Não,-,-,-,-,01/08/2012,-3922125.8035355643,-865837.0116776995
4545,"ATLÂNTICO,TRECHO NORTE/NORDESTE",-,PE,OROBÓ,EMATER,EMATER,Pluviométrica,735147,OROBÓ,-7.73333333333,-35.6,-,Não,Não,Não,Não,Não,Não,Sim,-,-,-,-,-,Sim,Não,Não,Não,set-79,-,-,-,00:00:00,-3962973.872240539,-863496.5116537994
4555,"ATLÂNTICO,TRECHO NORTE/NORDESTE",-,PE,PALMARES,CEMADEN,CEMADEN,Pluviométrica,835191,PALMARES_Santo Onofre,-8.67388888889,-35.59,-,Não,Não,Não,Não,Não,Sim,Sim,-,-,-,-,-,Sim,Não,Não,Não,jan-14,-,-,-,01/01/2014,-3961860.677332606,-969282.3831432101
4556,"ATLÂNTICO,TRECHO NORTE/NORDESTE",-,PE,PALMARES,CEMADEN,CEMADEN,Pluviométrica,835192,PALMARES_Japaranduba,-8.69111111111,-35.6038888889,-,Não,Não,Não,Não,Não,Sim,Sim,-,-,-,-,-,Sim,Não,Não,Não,jan-14,-,-,-,01/01/2014,-3963406.7813714026,-971221.7775396805
4557,"ATLÂNTICO,TRECHO NORTE/NORDESTE",-,PE,PALMARES,ANA,CPRM,Pluviométrica,835141,PALMARES,-8.67944444444,-35.5772222222,-,Não,Não,Não,Não,Não,Sim,Sim,-,-,-,-,-,Sim,Não,Não,Não,out-90,-,-,-,01/02/2011,-3960438.2616169145,-969907.984513386
4558,"ATLÂNTICO,TRECHO NORTE/NORDESTE",-,PE,PALMARES,EMATER,EMATER,Pluviométrica,835126,PALMARES,-8.68333333333,-35.5833333333,-,Não,Não,Não,Não,Não,Não,Sim,-,-,-,-,-,Sim,Não,Não,Não,set-79,-,-,-,00:00:00,-3961118.547393985,-970345.9109818933
4559,"ATLÂNTICO,TRECHO NORTE/NORDESTE",-,PE,PALMARES,APAC-PE,APAC-PE,Pluviométrica,835037,PALMARES,-8.68333333333,-35.6,-,Não,Não,Não,Não,Não,Não,Sim,-,-,-,-,-,Sim,Não,Não,Não,jun-20,-,-,-,00:00:00,-3962973.872240539,-970345.9109818933
4562,"ATLÂNTICO,TRECHO NORTE/NORDESTE",-,PE,PALMEIRINA,EMATER,EMATER,Pluviométrica,936108,PALMEIRINA,-9.01666666667,-36.3333333333,-,Não,Não,Não,Não,Não,Não,Sim,-,-,-,-,-,Sim,Não,Não,Não,jul-79,-,-,-,00:00:00,-4044608.1654889397,-1007899.5577263046
4563,"ATLÂNTICO,TRECHO NORTE/NORDESTE",-,PE,PALMEIRINA,ANA,CPRM,Pluviométrica,936117,PALMEIRINA,-9.00194444444,-36.3263888889,-,Não,Não,Não,Não,Não,Sim,Sim,-,-,-,-,-,Não,Não,Não,Não,-,-,-,-,01/02/2011,-4043835.1134695434,-1006240.2160100659
4565,"ATLÂNTICO,TRECHO NORTE/NORDESTE",-,PE,PANELAS,EMATER,EMATER,Pluviométrica,836079,PANELAS,-8.66666666667,-36.0333333333,-,Não,Não,Não,Não,Não,Não,Sim,-,-,-,-,-,Sim,Não,Não,Não,jan-79,-,-,-,00:00:00,-4011212.318250957,-968469.1151956845
4566,"ATLÂNTICO,TRECHO NORTE/NORDESTE",-,PE,PANELAS,DNOCS,DNOCS,Pluviométrica,836024,PANELAS,-8.66666666667,-36.0333333333,-,Não,Não,Não,Não,Não,Não,Sim,-,-,-,-,-,Sim,Não,Não,Não,fev-34,-,-,-,00:00:00,-4011212.318250957,-968469.1151956845
4592,"ATLÂNTICO,TRECHO NORTE/NORDESTE",-,PE,PASSIRA,EMATER,EMATER,Pluviométrica,735148,PASSIRA,-7.93333333333,-35.65,-,Não,Não,Não,Não,Não,Não,Sim,-,-,-,-,-,Sim,Não,Não,Não,jul-79,-,-,-,00:00:00,-3968539.8467802024,-885970.1292355555
4597,"ATLÂNTICO,TRECHO NORTE/NORDESTE",-,PE,PAULISTA,CEMADEN,CEMADEN,Pluviométrica,734070,PAULISTA_Maria Farinha,-7.85305555556,-34.8361111111,-,Não,Não,Não,Não,Não,Sim,Sim,-,-,-,-,-,Sim,Não,Não,Não,jan-14,-,-,-,01/01/2014,-3877938.15010679,-876948.1711331063
4599,"ATLÂNTICO,TRECHO NORTE/NORDESTE",-,PE,PAULISTA,CEMADEN,CEMADEN,Pluviométrica,734071,PAULISTA_Janga,-7.91805555556,-34.8288888889,-,Não,Não,Não,Não,Não,Sim,Sim,-,-,-,-,-,Sim,Não,Não,Não,jan-14,-,-,-,01/01/2014,-3877134.176006615,-884253.0124178288
4600,"ATLÂNTICO,TRECHO NORTE/NORDESTE",-,PE,PAULISTA,CEMADEN,CEMADEN,Pluviométrica,734072,PAULISTA_Janga2,-7.95388888889,-34.83,-,Não,Não,Não,Não,Não,Sim,Sim,-,-,-,-,-,Sim,Não,Não,Não,jan-14,-,-,-,01/01/2014,-3877257.8643297195,-888280.532563606
4601,"ATLÂNTICO,TRECHO NORTE/NORDESTE",-,PE,PAULISTA,CEMADEN,CEMADEN,Pluviométrica,734073,PAULISTA_Centro,-7.94111111111,-34.88,-,Não,Não,Não,Não,Não,Sim,Sim,-,-,-,-,-,Sim,Não,Não,Não,jan-14,-,-,-,01/01/2014,-3882823.8388693826,-886844.3222995534
4602,"ATLÂNTICO,TRECHO NORTE/NORDESTE",-,PE,PAULISTA,CEMADEN,CEMADEN,Pluviométrica,734069,PAULISTA_Vila Torres Galvão,-7.95805555556,-34.8761111111,-,Não,Não,Não,Não,Não,Sim,Sim,-,-,-,-,-,Sim,Não,Não,Não,jan-14,-,-,-,01/01/2014,-3882390.92973852,-888748.8716698537
4642,"ATLÂNTICO,TRECHO NORTE/NORDESTE",-,PE,POMBOS,EMATER,EMATER,Pluviométrica,835127,POMBOS,-8.15,-35.4,-,Não,Não,Não,Não,Não,Não,Sim,-,-,-,-,-,Sim,Não,Não,Não,jan-79,-,-,-,00:00:00,-3940709.974081885,-910328.8967535716
4643,"ATLÂNTICO,TRECHO NORTE/NORDESTE",-,PE,POMBOS,ANA,CPRM,Pluviométrica,835137,POMBOS,-8.14083333333,-35.3997222222,-,Não,Não,Não,Não,Não,Não,Sim,-,-,-,-,-,Sim,Não,Não,Não,mar-86,-,-,-,00:00:00,-3940679.052001109,-909298.068741825
4644,"ATLÂNTICO,TRECHO NORTE/NORDESTE",-,PE,POMBOS,ANA,CPRM,Pluviométrica,835153,ENGENHO TABOCAS,-8.28194444444,-35.3647222222,-,Não,Não,Não,Não,Não,Sim,Sim,-,-,-,-,-,Não,Não,Não,Não,-,-,-,-,01/05/2012,-3936782.8698233445,-925169.2029934822
4645,"ATLÂNTICO,TRECHO NORTE/NORDESTE",-,PE,POMBOS,CEMADEN,CEMADEN,Pluviométrica,835193,POMBOS_Vila São José,-8.13694444444,-35.3997222222,-,Não,Não,Não,Não,Não,Sim,Sim,-,-,-,-,-,Sim,Não,Não,Não,jan-14,-,-,-,01/01/2014,-3940679.052001109,-908860.7548959636
4649,"ATLÂNTICO,TRECHO NORTE/NORDESTE",-,PE,RECIFE,CEMADEN,CEMADEN,Pluviométrica,734075,RECIFE_Guabiraba,-7.99388888889,-34.9361111111,-,Não,Não,Não,Não,Não,Sim,Sim,-,-,-,-,-,Sim,Não,Não,Não,jan-14,-,-,-,01/01/2014,-3889070.099186116,-892776.7847959948
4650,"ATLÂNTICO,TRECHO NORTE/NORDESTE",-,PE,RECIFE,APAC-PE,APAC-PE,Pluviométrica,834006,RECIFE (CURADO),-8.05,-34.9166666667,-,Não,Não,Não,Não,Não,Não,Sim,-,-,-,-,-,Sim,Não,Não,Não,mar-67,-,-,-,00:00:00,-3886905.5535318027,-899084.7709568301
4651,"ATLÂNTICO,TRECHO NORTE/NORDESTE",-,PE,RECIFE,INMET,INMET,Pluviométrica,834007,RECIFE (CURADO),-8.05,-34.9166666667,-,Não,Não,Não,Não,Não,Sim,Sim,-,-,-,-,-,Sim,Sim,Sim,Sim,fev-61,fev-61,fev-61,fev-61,01/12/2004,-3886905.5535318027,-899084.7709568301
4652,"ATLÂNTICO,TRECHO NORTE/NORDESTE",-,PE,RECIFE,INMET,INMET,Pluviométrica,834009,IBURA (GUARARAPES),-8.11666666667,-34.9166666667,-,Não,Não,Não,Não,Não,Não,Sim,-,-,-,-,-,Sim,Sim,Sim,Sim,ago-46,ago-46,ago-46,ago-46,00:00:00,-3886905.5535318023,-906580.5442669647
4653,"ATLÂNTICO,TRECHO NORTE/NORDESTE",-,PE,RECIFE,ANA,CPRM,Pluviométrica,834017,RECIFE / AFOGADOS,-8.07944444444,-34.9036111111,-,Não,Não,Não,Não,Não,Não,Sim,-,-,-,-,-,Sim,Não,Não,Não,mai-00,mai-00,-,-,00:00:00,-3885452.215735335,-902395.2514644322
4654,"ATLÂNTICO,TRECHO NORTE/NORDESTE",-,PE,RECIFE,CEMADEN,CEMADEN,Pluviométrica,834049,RECIFE_Morro da Conceição,-8.01888888889,-34.915,-,Não,Não,Não,Não,Não,Sim,Sim,-,-,-,-,-,Sim,Não,Não,Não,jan-14,-,-,-,01/01/2014,-3886720.0210471465,-895587.1661579469
4655,"ATLÂNTICO,TRECHO NORTE/NORDESTE",-,PE,RECIFE,CEMADEN,CEMADEN,Pluviométrica,834041,RECIFE_Várzea1,-8.03611111111,-34.98,-,Não,Não,Não,Não,Não,Sim,Sim,-,-,-,-,-,Sim,Não,Não,Não,jan-14,-,-,-,01/01/2014,-3893955.78794871,-897523.3071159524
4656,"ATLÂNTICO,TRECHO NORTE/NORDESTE",-,PE,RECIFE,CEMADEN,CEMADEN,Pluviométrica,834042,RECIFE_Estação Experimental UFRPE,-8.01833333333,-34.9472222222,-,Não,Não,Não,Não,Não,Sim,Sim,-,-,-,-,-,Sim,Não,Não,Não,jan-14,-,-,-,01/01/2014,-3890306.9824171513,-895524.7113639829
4657,"ATLÂNTICO,TRECHO NORTE/NORDESTE",-,PE,RECIFE,CEMADEN,CEMADEN,Pluviométrica,834043,RECIFE_USF Alto Bela Vista-Ibura,-8.12361111111,-34.9413888889,-,Não,Não,Não,Não,Não,Sim,Sim,-,-,-,-,-,Sim,Não,Não,Não,jan-14,-,-,-,01/01/2014,-3889657.6187208574,-907361.425344919
4658,"ATLÂNTICO,TRECHO NORTE/NORDESTE",-,PE,RECIFE,CEMADEN,CEMADEN,Pluviométrica,834054,RECIFE_Torreão,-8.03694444444,-34.8838888889,-,Não,Não,Não,Não,Não,Sim,Sim,-,-,-,-,-,Sim,Não,Não,Não,jan-14,-,-,-,01/01/2014,-3883256.7480002455,-897616.9934384915
4659,"ATLÂNTICO,TRECHO NORTE/NORDESTE",-,PE,RECIFE,CEMADEN,CEMADEN,Pluviométrica,834044,RECIFE_UPA de Nova Descoberta,-8.00194444444,-34.9191666667,-,Não,Não,Não,Não,Não,Sim,Sim,-,-,-,-,-,Sim,Não,Não,Não,jan-14,-,-,-,01/01/2014,-3887183.8522587838,-893682.3332930449
4660,"ATLÂNTICO,TRECHO NORTE/NORDESTE",-,PE,RECIFE,CEMADEN,CEMADEN,Pluviométrica,834045,RECIFE_Alto do Céu,-8.01194444444,-34.8919444444,-,Não,Não,Não,Não,Não,Sim,Sim,-,-,-,-,-,Sim,Não,Não,Não,jan-14,-,-,-,01/01/2014,-3884153.4883427457,-894806.4873632415
4661,"ATLÂNTICO,TRECHO NORTE/NORDESTE",-,PE,RECIFE,CEMADEN,CEMADEN,Pluviométrica,834046,RECIFE_Corrego Jenipapo,-8.00694444444,-34.9361111111,-,Não,Não,Não,Não,Não,Sim,Sim,-,-,-,-,-,Sim,Não,Não,Não,jan-14,-,-,-,01/01/2014,-3889070.099186116,-894244.4068783141
4662,"ATLÂNTICO,TRECHO NORTE/NORDESTE",-,PE,RECIFE,CEMADEN,CEMADEN,Pluviométrica,834047,RECIFE_UPA da Imbiribeira,-8.12111111111,-34.9138888889,-,Não,Não,Não,Não,Não,Sim,Sim,-,-,-,-,-,Sim,Não,Não,Não,jan-14,-,-,-,01/01/2014,-3886596.3327240427,-907080.3066011327
4663,"ATLÂNTICO,TRECHO NORTE/NORDESTE",-,PE,RECIFE,CEMADEN,CEMADEN,Pluviométrica,834048,RECIFE_Alto Mandu,-8.02388888889,-34.9269444444,-,Não,Não,Não,Não,Não,Sim,Sim,-,-,-,-,-,Sim,Não,Não,Não,jan-14,-,-,-,01/01/2014,-3888049.670520511,-896149.2631434002
4664,"ATLÂNTICO,TRECHO NORTE/NORDESTE",-,PE,RECIFE,CEMADEN,CEMADEN,Pluviométrica,834057,RECIFE_Areias,-8.10194444444,-34.9288888889,-,Não,Não,Não,Não,Não,Sim,Sim,-,-,-,-,-,Sim,Não,Não,Não,jan-14,-,-,-,01/01/2014,-3888266.125085942,-904925.1210076021
4665,"ATLÂNTICO,TRECHO NORTE/NORDESTE",-,PE,RECIFE,CEMADEN,CEMADEN,Pluviométrica,834058,RECIFE_Boa Vista,-8.06888888889,-34.8911111111,-,Não,Não,Não,Não,Não,Sim,Sim,-,-,-,-,-,Sim,Não,Não,Não,jan-14,-,-,-,01/01/2014,-3884060.722100418,-901208.4477099024
4666,"ATLÂNTICO,TRECHO NORTE/NORDESTE",-,PE,RECIFE,CEMADEN,CEMADEN,Pluviométrica,834050,RECIFE_Campina do Barreto,-8.01305555556,-34.8811111111,-,Não,Não,Não,Não,Não,Sim,Sim,-,-,-,-,-,Sim,Não,Não,Não,jan-14,-,-,-,01/01/2014,-3882947.5271924855,-894931.3950751072
4667,"ATLÂNTICO,TRECHO NORTE/NORDESTE",-,PE,RECIFE,CEMADEN,CEMADEN,Pluviométrica,834051,RECIFE_Ibura,-8.12194444444,-34.955,-,Não,Não,Não,Não,Não,Sim,Sim,-,-,-,-,-,Sim,Não,Não,Não,jan-14,-,-,-,01/01/2014,-3891172.8006788786,-907174.0126545528
4668,"ATLÂNTICO,TRECHO NORTE/NORDESTE",-,PE,RECIFE,CEMADEN,CEMADEN,Pluviométrica,834052,RECIFE_Várzea2,-8.03888888889,-34.9588888889,-,Não,Não,Não,Não,Não,Sim,Sim,-,-,-,-,-,Sim,Não,Não,Não,jan-14,-,-,-,01/01/2014,-3891605.7098097405,-897835.5956060009
4669,"ATLÂNTICO,TRECHO NORTE/NORDESTE",-,PE,RECIFE,CEMADEN,CEMADEN,Pluviométrica,834053,RECIFE_Pina,-8.09888888889,-34.8869444444,-,Não,Não,Não,Não,Não,Sim,Sim,-,-,-,-,-,Sim,Não,Não,Não,jan-14,-,-,-,01/01/2014,-3883596.8908887794,-904581.5501868759
4670,"ATLÂNTICO,TRECHO NORTE/NORDESTE",-,PE,RECIFE,APAC-PE,APAC-PE,Pluviométrica,834019,MACAXEIRA,-8.01027777778,-34.9388888889,-,Não,Não,Não,Não,Não,Sim,Sim,-,-,-,-,-,Não,Não,Não,Não,-,-,-,-,01/07/2013,-3889379.319993875,-894619.1264346956
4671,"ATLÂNTICO,TRECHO NORTE/NORDESTE",-,PE,RECIFE,APAC-PE,APAC-PE,Pluviométrica,834020,CORPO DE BOMBEIROS BOA VISTA,-8.05083333333,-34.8897222222,-,Não,Não,Não,Não,Não,Sim,Sim,-,-,-,-,-,Não,Não,Não,Não,-,-,-,-,01/07/2013,-3883906.1116965385,-899178.460488707
4672,"ATLÂNTICO,TRECHO NORTE/NORDESTE",-,PE,RECIFE,APAC-PE,APAC-PE,Pluviométrica,834021,IPA,-8.06388888889,-34.9241666667,-,Não,Não,Não,Não,Não,Sim,Sim,-,-,-,-,-,Não,Não,Não,Não,-,-,-,-,01/07/2013,-3887740.4497127514,-900646.2883315452
4673,"ATLÂNTICO,TRECHO NORTE/NORDESTE",-,PE,RECIFE,CEMADEN,CEMADEN,Pluviométrica,734074,RECIFE_Dois Unidos,-7.99638888889,-34.9091666667,-,Não,Não,Não,Não,Não,Sim,Sim,-,-,-,-,-,Sim,Não,Não,Não,jan-14,-,-,-,01/01/2014,-3886070.6573508526,-893057.8151739689
4674,"ATLÂNTICO,TRECHO NORTE/NORDESTE",-,PE,RECIFE,CEMADEN,CEMADEN,Pluviométrica,834055,RECIFE_San Martin,-8.07305555556,-34.925,-,Não,Não,Não,Não,Não,Sim,Sim,-,-,-,-,-,Sim,Não,Não,Não,jan-14,-,-,-,01/01/2014,-3887833.215955079,-901676.9191710474
4675,"ATLÂNTICO,TRECHO NORTE/NORDESTE",-,PE,RECIFE,CEMADEN,CEMADEN,Pluviométrica,834056,RECIFE_Porto,-8.05388888889,-34.8730555556,-,Não,Não,Não,Não,Não,Sim,Sim,-,-,-,-,-,Sim,Não,Não,Não,jan-14,-,-,-,01/01/2014,-3882050.786849984,-899521.990421435
4680,"ATLÂNTICO,TRECHO NORTE/NORDESTE",-,PE,RECIFE,APAC-PE,APAC-PE,Pluviométrica,834022,ETE CABANGA,-8.08055555556,-34.8930555556,-,Não,Não,Não,Não,Não,Sim,Sim,-,-,-,-,-,Não,Não,Não,Não,-,-,-,-,01/07/2013,-3884277.17666585,-902520.1799802429
4681,"ATLÂNTICO,TRECHO NORTE/NORDESTE",-,PE,RECIFE,APAC-PE,APAC-PE,Pluviométrica,834023,ETE CAÇOTE,-8.09861111111,-34.9252777778,-,Não,Não,Não,Não,Não,Sim,Sim,-,-,-,-,-,Não,Não,Não,Não,-,-,-,-,01/07/2013,-3887864.1380358553,-904550.3166052033
4685,"ATLÂNTICO,TRECHO NORTE/NORDESTE",-,PE,RIBEIRÃO,CEMADEN,CEMADEN,Pluviométrica,835195,RIBEIRÃO_Bandeirante,-8.50694444444,-35.385,-,Não,Não,Não,Não,Não,Sim,Sim,-,-,-,-,-,Sim,Não,Não,Não,jan-14,-,-,-,01/01/2014,-3939040.1817199853,-950487.3513779483
4686,"ATLÂNTICO,TRECHO NORTE/NORDESTE",-,PE,RIBEIRÃO,PEDRA FURADA,PEDRA FURADA,Pluviométrica,835158,PCH PEDRA FURADA JUSANTE,-8.52194444444,-35.4844444444,-,Não,Não,Não,Não,Não,Sim,Sim,-,-,-,-,-,Sim,Não,Não,Não,mar-13,-,-,-,01/03/2013,-3950110.2866377607,-952175.7523399502
4687,"ATLÂNTICO,TRECHO NORTE/NORDESTE",-,PE,RIBEIRÃO,ANA,CPRM,Pluviométrica,835155,JOSÉ MARIANO,-8.4675,-35.4013888889,-,Não,Não,Não,Não,Não,Sim,Sim,-,-,-,-,-,Não,Não,Não,Não,-,-,-,-,01/05/2012,-3940864.5844857637,-946047.7973842011
4691,"ATLÂNTICO,TRECHO NORTE/NORDESTE",-,PE,RIO FORMOSO,EMATER,EMATER,Pluviométrica,835130,RIO FORMOSO,-8.66666666667,-35.15,-,Não,Não,Não,Não,Não,Não,Sim,-,-,-,-,-,Sim,Não,Não,Não,jan-81,-,-,-,00:00:00,-3912880.101383566,-968469.1151956845
4692,"ATLÂNTICO,TRECHO NORTE/NORDESTE",-,PE,RIO FORMOSO,TRAPICHE,TRAPICHE,Pluviométrica,835142,PCH GINDAI JUSANTE,-8.62722222222,-35.1958333333,-,Não,Não,Não,Não,Não,Sim,Sim,-,-,-,-,-,Sim,Não,Não,Não,jan-01,-,-,-,01/07/2015,-3917982.2447115914,-964027.6963795118
4693,"ATLÂNTICO,TRECHO NORTE/NORDESTE",-,PE,RIO FORMOSO,CEMADEN,CEMADEN,Pluviométrica,835196,RIO FORMOSO_Centro,-8.66111111111,-35.1530555556,-,Não,Não,Não,Não,Não,Sim,Sim,-,-,-,-,-,Sim,Não,Não,Não,jan-14,-,-,-,01/01/2014,-3913220.2442721007,-967843.5351003462
4694,"ATLÂNTICO,TRECHO NORTE/NORDESTE",-,PE,RIO FORMOSO,CEMADEN,CEMADEN,Pluviométrica,835197,RIO FORMOSO_Cocaú,-8.64,-35.27,-,Não,Não,Não,Não,Não,Sim,Sim,-,-,-,-,-,Sim,Não,Não,Não,jan-14,-,-,-,01/01/2014,-3926238.4402787583,-965466.4149523979
4699,"ATLÂNTICO,TRECHO NORTE/NORDESTE",-,PE,RIO FORMOSO,BRENNAND,BRENNAND,Pluviométrica,835209,PCH LUIZ DIAS LINS JUSANTE,-8.64777777778,-35.2097222222,-,Não,Não,Não,Não,Não,Sim,Sim,-,-,-,-,-,Sim,Não,Não,Não,jan-16,-,-,-,01/01/2016,-3919528.3487503873,-966342.1805580843
4701,"ATLÂNTICO,TRECHO NORTE/NORDESTE",-,PE,SAIRÉ,CEMADEN,CEMADEN,Pluviométrica,835198,SAIRE_Prefeitura,-8.32888888889,-35.7083333333,-,Não,Não,Não,Não,Não,Sim,Sim,-,-,-,-,-,Sim,Não,Não,Não,jan-14,-,-,-,01/01/2014,-3975033.483743144,-930450.4235119805
4702,"ATLÂNTICO,TRECHO NORTE/NORDESTE",-,PE,SAIRÉ,EMATER,EMATER,Pluviométrica,835131,SAIRÉ,-8.33333333333,-35.85,-,Não,Não,Não,Não,Não,Não,Sim,-,-,-,-,-,Sim,Não,Não,Não,fev-79,-,-,-,00:00:00,-3990803.744938858,-930950.4534913582
4711,"ATLÂNTICO,TRECHO NORTE/NORDESTE",-,PE,SALOÁ,EMATER,EMATER,Pluviométrica,836084,SALOÁ,-8.96666666667,-36.7,-,Não,Não,Não,Não,Não,Não,Sim,-,-,-,-,-,Sim,Não,Não,Não,jan-79,-,-,-,00:00:00,-4085425.3121131402,-1002264.3321802036
4715,"ATLÂNTICO,TRECHO NORTE/NORDESTE",-,PE,SANTA CRUZ DO CAPIBARIBE,EMATER,EMATER,Pluviométrica,736038,SANTA CRUZ DO CAPIBARIBE,-7.95,-36.2333333333,-,Não,Não,Não,Não,Não,Não,Sim,-,-,-,-,-,Sim,Não,Não,Não,jul-79,-,-,-,00:00:00,-4033476.2164096124,-887843.4203578546
4716,"ATLÂNTICO,TRECHO NORTE/NORDESTE",-,PE,SANTA CRUZ DO CAPIBARIBE,ANA,CPRM,Pluviométrica,736041,SANTA CRUZ DO CAPIBARIBE,-7.96194444444,-36.2022222222,-,Não,Não,Não,Não,Não,Não,Sim,-,-,-,-,-,Sim,Não,Não,Não,mar-86,-,-,-,00:00:00,-4030012.943362712,-889185.9924646434
4717,"ATLÂNTICO,TRECHO NORTE/NORDESTE",-,PE,SANTA MARIA DO CAMBUCA,EMATER,EMATER,Pluviométrica,735150,SANTA MARIA DO CAMBUCA,-7.83333333333,-35.9,-,Não,Não,Não,Não,Não,Não,Sim,-,-,-,-,-,Sim,Não,Não,Não,jul-79,-,-,-,00:00:00,-3996369.719478521,-874731.9713810537
4718,"ATLÂNTICO,TRECHO NORTE/NORDESTE",-,PE,SANTA TEREZINHA,EMATER,EMATER,Pluviométrica,737047,SANTA TEREZINHA,-7.38333333333,-37.4666666667,-,Não,Não,Não,Não,Não,Não,Sim,-,-,-,-,-,Sim,Não,Não,Não,jan-79,-,-,-,00:00:00,-4170770.25505465,-824193.1381423987
4720,"ATLÂNTICO,TRECHO NORTE/NORDESTE",-,PE,SÃO BENEDITO DO SUL,CEMADEN,CEMADEN,Pluviométrica,835199,SÃO BENEDITO DO SUL_Centro,-8.81194444444,-35.9319444444,-,Não,Não,Não,Não,Não,Sim,Sim,-,-,-,-,-,Sim,Não,Não,Não,jan-14,-,-,-,01/01/2014,-3999925.75876775,-984831.3351915855
4721,"ATLÂNTICO,TRECHO NORTE/NORDESTE",-,PE,SÃO BENEDITO DO SUL,ANA,CPRM,Pluviométrica,835144,SÃO BENEDITO DO SUL,-8.81611111111,-35.9338888889,-,Não,Não,Não,Não,Não,Sim,Sim,-,-,-,-,-,Não,Não,Não,Não,-,-,-,-,01/02/2011,-4000142.213333182,-985300.7092907893
4723,"ATLÂNTICO,TRECHO NORTE/NORDESTE",-,PE,SÃO CAETANO,EMATER,EMATER,Pluviométrica,836087,SÃO CAETANO,-8.33333333333,-36.1666666667,-,Não,Não,Não,Não,Não,Não,Sim,-,-,-,-,-,Sim,Não,Não,Não,fev-80,-,-,-,00:00:00,-4026054.917023394,-930950.4534913582
4724,"ATLÂNTICO,TRECHO NORTE/NORDESTE",-,PE,SÃO CAETANO,DNOCS,DNOCS,Pluviométrica,836039,SÃO CAETANO,-8.31666666667,-36.15,-,Não,Não,Não,Não,Não,Não,Sim,-,-,-,-,-,Sim,Sim,Não,Não,ago-13,ago-13,-,-,00:00:00,-4024199.5921768392,-929075.3703385851
4727,"ATLÂNTICO,TRECHO NORTE/NORDESTE",-,PE,SÃO CAETANO,CEMADEN,CEMADEN,Pluviométrica,836101,CARUARU_1º Distrito,-8.34,-36.0669444444,-,Não,Não,Não,Não,Não,Sim,Sim,-,-,-,-,-,Sim,Não,Não,Não,jan-14,-,-,-,01/01/2014,-4014953.8900248427,-931700.5091143141
4728,"ATLÂNTICO,TRECHO NORTE/NORDESTE",-,PE,SÃO JOÃO,EMATER,EMATER,Pluviométrica,836088,SÃO JOÃO,-8.86666666667,-36.3666666667,-,Não,Não,Não,Não,Não,Não,Sim,-,-,-,-,-,Sim,Não,Não,Não,jan-79,-,-,-,00:00:00,-4048318.8151820484,-990996.2042708488
4739,"ATLÂNTICO,TRECHO NORTE/NORDESTE",-,PE,SÃO VICENTE FERRER,EMATER,EMATER,Pluviométrica,735152,SÃO VICENTE FERRER,-7.58333333333,-35.5166666667,-,Não,Não,Não,Não,Não,Não,Sim,-,-,-,-,-,Sim,Não,Não,Não,ago-79,-,-,-,00:00:00,-3953697.2480077664,-846648.3033976218
4757,"ATLÂNTICO,TRECHO NORTE/NORDESTE",-,PE,SIRINHAEM,CEMADEN,CEMADEN,Pluviométrica,835203,SIRINHAEM_Centro,-8.59194444444,-35.1161111111,-,Não,Não,Não,Não,Não,Sim,Sim,-,-,-,-,-,Sim,Não,Não,Não,jan-14,-,-,-,01/01/2014,-3909107.6075289045,-960055.8345586581
4758,"ATLÂNTICO,TRECHO NORTE/NORDESTE",-,PE,SURUBIM,EMATER,EMATER,Pluviométrica,735153,SURUBIM,-7.83333333333,-35.7666666667,-,Não,Não,Não,Não,Não,Não,Sim,-,-,-,-,-,Sim,Não,Não,Não,ago-79,-,-,-,00:00:00,-3981527.120706084,-874731.9713810537
4759,"ATLÂNTICO,TRECHO NORTE/NORDESTE",-,PE,SURUBIM,ANA,CPRM,Pluviométrica,735158,SURUBIM,-7.85472222222,-35.7644444444,-,Não,Não,Não,Não,Não,Não,Sim,-,-,-,-,-,Sim,Não,Não,Não,mar-86,-,-,-,00:00:00,-3981279.7440598765,-877135.4604370295
4762,"ATLÂNTICO,TRECHO NORTE/NORDESTE",-,PE,TACAIMBÓ,CEMADEN,CEMADEN,Pluviométrica,836110,TACAIMBÓ_Centro,-8.32166666667,-36.2908333333,-,Não,Não,Não,Não,Não,Sim,Sim,-,-,-,-,-,Sim,Não,Não,Não,jan-14,-,-,-,01/01/2014,-4039877.087130226,-929637.886905095
4763,"ATLÂNTICO,TRECHO NORTE/NORDESTE",-,PE,TACAIMBÓ,EMATER,EMATER,Pluviométrica,836089,TACAIMBO,-8.31666666667,-36.3,-,Não,Não,Não,Não,Não,Não,Sim,-,-,-,-,-,Sim,Não,Não,Não,nov-79,-,-,-,00:00:00,-4040897.515795831,-929075.3703385851
4765,"ATLÂNTICO,TRECHO NORTE/NORDESTE",-,PE,TAQUARITINGA DO NORTE,ANA,CPRM,Pluviométrica,736042,TAQUARITINGA DO NORTE,-7.90388888889,-36.0469444444,-,Não,Não,Não,Não,Não,Não,Sim,-,-,-,-,-,Sim,Não,Não,Não,mar-86,-,-,-,00:00:00,-4012727.500208977,-882660.833727371
4766,"ATLÂNTICO,TRECHO NORTE/NORDESTE",-,PE,TAQUARITINGA DO NORTE,DNOCS,DNOCS,Pluviométrica,736031,TAQUARITINGA DO NORTE,-7.9,-36.05,-,Não,Não,Não,Não,Não,Não,Sim,-,-,-,-,-,Sim,Não,Não,Não,jul-11,-,-,-,00:00:00,-4013067.643097512,-882223.7746321363
4767,"ATLÂNTICO,TRECHO NORTE/NORDESTE",-,PE,TAQUARITINGA DO NORTE,EMATER,EMATER,Pluviométrica,736039,TAQUARITINGA DO NORTE,-7.9,-36.05,-,Não,Não,Não,Não,Não,Não,Sim,-,-,-,-,-,Sim,Não,Não,Não,jun-79,-,-,-,00:00:00,-4013067.643097512,-882223.7746321363
4768,"ATLÂNTICO,TRECHO NORTE/NORDESTE",-,PE,TEREZINHA,EMATER,EMATER,Pluviométrica,936109,TEREZINHA,-9.05,-36.6333333333,-,Não,Não,Não,Não,Não,Não,Sim,-,-,-,-,-,Sim,Não,Não,Não,ago-79,-,-,-,00:00:00,-4078004.012726922,-1011656.8080352809
4773,"ATLÂNTICO,TRECHO NORTE/NORDESTE",-,PE,TIMBAÚBA,ANA,CPRM,Pluviométrica,735170,TIMBAÚBA,-7.51277777778,-35.3269444444,-,Não,Não,Não,Não,Não,Sim,Sim,-,-,-,-,-,Não,Não,Não,Não,-,-,-,-,01/05/2012,-3932577.4668378215,-838725.4430734447
4774,"ATLÂNTICO,TRECHO NORTE/NORDESTE",-,PE,TIMBAÚBA,EMATER,EMATER,Pluviométrica,735154,TIMBAÚBA,-7.51666666667,-35.3166666667,-,Não,Não,Não,Não,Não,Não,Sim,-,-,-,-,-,Sim,Não,Não,Não,out-79,-,-,-,00:00:00,-3931433.349849113,-839162.1025460566
4775,"ATLÂNTICO,TRECHO NORTE/NORDESTE",-,PE,TIMBAÚBA,DNOCS,DNOCS,Pluviométrica,735074,TIMBAÚBA,-7.51666666667,-35.3166666667,-,Não,Não,Não,Não,Não,Não,Sim,-,-,-,-,-,Sim,Não,Não,Não,out-10,-,-,-,00:00:00,-3931433.349849113,-839162.1025460566
4777,"ATLÂNTICO,TRECHO NORTE/NORDESTE",-,PE,TORITAMA,ANA,CPRM,Pluviométrica,836098,TORITAMA,-8.01277777778,-36.0577777778,-,Não,Não,Não,Não,Não,Sim,Sim,-,-,-,-,-,Não,Não,Não,Não,-,-,-,-,01/05/2011,-4013933.4613592373,-894900.1681151754
4778,"ATLÂNTICO,TRECHO NORTE/NORDESTE",-,PE,TORITAMA,EMATER,EMATER,Pluviométrica,836090,TORITAMA,-8.01666666667,-36.0666666667,-,Não,Não,Não,Não,Não,Não,Sim,-,-,-,-,-,Sim,Não,Não,Não,ago-79,-,-,-,00:00:00,-4014922.9679440665,-895337.3474939038
4789,"ATLÂNTICO,TRECHO NORTE/NORDESTE",-,PE,VENTUROSA,EMATER,EMATER,Pluviométrica,836091,VENTUROSA,-8.58333333333,-36.8833333333,-,Não,Não,Não,Não,Não,Não,Sim,-,-,-,-,-,Sim,Não,Não,Não,fev-79,-,-,-,00:00:00,-4105833.8854252403,-959086.3811421788
4792,"ATLÂNTICO,TRECHO NORTE/NORDESTE",-,PE,VICÊNCIA,CEMADEN,CEMADEN,Pluviométrica,735226,VICÊNCIA_vicência01,-7.65611111111,-35.3188888889,-,Não,Não,Não,Não,Não,Sim,Sim,-,-,-,-,-,Sim,Não,Não,Não,jan-14,-,-,-,01/01/2014,-3931680.7264953195,-854822.0637842484
4793,"ATLÂNTICO,TRECHO NORTE/NORDESTE",-,PE,VICÊNCIA,EMATER,EMATER,Pluviométrica,735156,VICÊNCIA,-7.65,-35.3166666667,-,Não,Não,Não,Não,Não,Não,Sim,-,-,-,-,-,Sim,Não,Não,Não,set-79,-,-,-,00:00:00,-3931433.3498491123,-854135.6640014685
4794,"ATLÂNTICO,TRECHO NORTE/NORDESTE",-,PE,VICÊNCIA,ANA,CPRM,Pluviométrica,735171,VICÊNCIA,-7.65055555556,-35.3205555556,-,Não,Não,Não,Não,Não,Sim,Sim,-,-,-,-,-,Não,Não,Não,Não,-,-,-,-,01/05/2012,-3931866.2589799743,-854198.0635752636
4801,"ATLÂNTICO,TRECHO NORTE/NORDESTE",-,PE,VITÓRIA DE SANTO ANTÃO,CEMADEN,CEMADEN,Pluviométrica,835204,VITÓRIA DE SANTO ANTÃO_Bairro C,-8.12111111111,-35.325,-,Não,Não,Não,Não,Não,Sim,Sim,-,-,-,-,-,Sim,Não,Não,Não,jan-14,-,-,-,01/01/2014,-3932361.012272389,-907080.3066011327
4802,"ATLÂNTICO,TRECHO NORTE/NORDESTE",-,PE,VITÓRIA DE SANTO ANTÃO,CEMADEN,CEMADEN,Pluviométrica,835205,VITÓRIA DE SANTO ANTÃO_Cajá,-8.11111111111,-35.2838888889,-,Não,Não,Não,Não,Não,Sim,Sim,-,-,-,-,-,Sim,Não,Não,Não,jan-14,-,-,-,01/01/2014,-3927784.5443175538,-905955.8491237443
4803,"ATLÂNTICO,TRECHO NORTE/NORDESTE",-,PE,VITÓRIA DE SANTO ANTÃO,EMATER,EMATER,Pluviométrica,835133,VITÓRIA DE SANTO ANTÃO,-8.13333333333,-35.3166666667,-,Não,Não,Não,Não,Não,Não,Sim,-,-,-,-,-,Sim,Não,Não,Não,out-79,-,-,-,00:00:00,-3931433.3498491123,-908454.6815534558
4804,"ATLÂNTICO,TRECHO NORTE/NORDESTE",-,PE,VITÓRIA DE SANTO ANTÃO,ANA,CPRM,Pluviométrica,835068,VITÓRIA DE SANTO ANTÃO,-8.11361111111,-35.2838888889,-,Não,Não,Não,Não,Não,Sim,Sim,-,-,-,-,-,Sim,Não,Não,Não,mai-20,-,-,-,01/03/2011,-3927784.544317554,-906236.9608695415
4809,"ATLÂNTICO,TRECHO NORTE/NORDESTE",-,PE,VITÓRIA DE SANTO ANTÃO,CEMADEN,CEMADEN,Pluviométrica,835206,VITÓRIA DE SANTO ANTÃO_Livramento,-8.12111111111,-35.2980555556,-,Não,Não,Não,Não,Não,Sim,Sim,-,-,-,-,-,Sim,Não,Não,Não,jan-14,-,-,-,01/01/2014,-3929361.570437125,-907080.3066011318
4816,"ATLÂNTICO,TRECHO NORTE/NORDESTE",-,PE,JABOATÃO DOS GUARARAPES,APAC-PE,APAC-PE,Pluviométrica,834025,CORPO DE BOMBEIRO BOA VIAGEM,-8.15888888889,-34.9111111111,-,Não,Não,Não,Não,Não,Sim,Sim,-,-,-,-,-,Não,Não,Não,Não,-,-,-,-,01/07/2013,-3886287.111916284,-911328.5101086475
4817,"ATLÂNTICO,TRECHO NORTE/NORDESTE",-,PE,JABOATÃO DOS GUARARAPES,APAC-PE,APAC-PE,Pluviométrica,834024,BPM - BATALHÃO DA PM HENRIQUE DIAS,-8.15444444444,-34.9208333333,-,Não,Não,Não,Não,Não,Sim,Sim,-,-,-,-,-,Não,Não,Não,Não,-,-,-,-,01/07/2013,-3887369.384743442,-910828.7006534135
4818,"ATLÂNTICO,TRECHO NORTE/NORDESTE",-,PE,JABOATÃO DOS GUARARAPES,CEMADEN,CEMADEN,Pluviométrica,834032,JABOATÃO DOS GUARARAPES_Muribeca,-8.15694444444,-34.9680555556,-,Não,Não,Não,Não,Não,Sim,Sim,-,-,-,-,-,Sim,Não,Não,Não,jan-14,-,-,-,01/01/2014,-3892626.138475346,-911109.8427882072
4819,"ATLÂNTICO,TRECHO NORTE/NORDESTE",-,PE,JABOATÃO DOS GUARARAPES,CEMADEN,CEMADEN,Pluviométrica,834033,JABOATÃO DOS GUARARAPES_Cavaleiro2,-8.09,-34.97,-,Não,Não,Não,Não,Não,Sim,Sim,-,-,-,-,-,Sim,Não,Não,Não,jan-14,-,-,-,01/01/2014,-3892842.593040776,-903582.0862569751
4820,"ATLÂNTICO,TRECHO NORTE/NORDESTE",-,PE,JABOATÃO DOS GUARARAPES,CEMADEN,CEMADEN,Pluviométrica,834034,JABOATÃO DOS GUARARAPES_Cavaleiro,-8.09611111111,-34.9711111111,-,Não,Não,Não,Não,Não,Sim,Sim,-,-,-,-,-,Sim,Não,Não,Não,jan-14,-,-,-,01/01/2014,-3892966.281363881,-904269.2153396852
4821,"ATLÂNTICO,TRECHO NORTE/NORDESTE",-,PE,JABOATÃO DOS GUARARAPES,CEMADEN,CEMADEN,Pluviométrica,834035,JABOATÃO DOS GUARARAPES_Prazeres,-8.18805555556,-34.9530555556,-,Não,Não,Não,Não,Não,Sim,Sim,-,-,-,-,-,Sim,Não,Não,Não,jan-14,-,-,-,01/01/2014,-3890956.3461134466,-914608.6477344639
4822,"ATLÂNTICO,TRECHO NORTE/NORDESTE",-,PE,JABOATÃO DOS GUARARAPES,CEMADEN,CEMADEN,Pluviométrica,834036,JABOATÃO DOS GUARARAPES_Piedade,-8.15388888889,-34.9138888889,-,Não,Não,Não,Não,Não,Sim,Sim,-,-,-,-,-,Sim,Não,Não,Não,jan-14,-,-,-,01/01/2014,-3886596.3327240436,-910766.2248621873
4823,"ATLÂNTICO,TRECHO NORTE/NORDESTE",-,PE,JABOATÃO DOS GUARARAPES,CEMADEN,CEMADEN,Pluviométrica,834037,JABOATÃO DOS GUARARAPES_CuradoII,-8.08,-34.9969444444,-,Não,Não,Não,Não,Não,Sim,Sim,-,-,-,-,-,Sim,Não,Não,Não,jan-14,-,-,-,01/01/2014,-3895842.0348760406,-902457.7156793459
4825,"ATLÂNTICO,TRECHO NORTE/NORDESTE",-,PE,JABOATÃO DOS GUARARAPES,CEMADEN,CEMADEN,Pluviométrica,835184,JABOATÃO DOS GUARARAPES_Centro,-8.11194444444,-35.015,-,Não,Não,Não,Não,Não,Sim,Sim,-,-,-,-,-,Sim,Não,Não,Não,jan-14,-,-,-,01/01/2014,-3897851.9701264743,-906049.5528447488
4826,"ATLÂNTICO,TRECHO NORTE/NORDESTE",-,PE,JABOATÃO DOS GUARARAPES,CEMADEN,CEMADEN,Pluviométrica,834038,JABOATÃO DOS GUARARAPES_Barra de Jangada,-8.22,-34.9319444444,-,Não,Não,Não,Não,Não,Sim,Sim,-,-,-,-,-,Sim,Não,Não,Não,jan-14,-,-,-,01/01/2014,-3888606.2679744763,-918201.455136993
4827,"ATLÂNTICO,TRECHO NORTE/NORDESTE",-,PE,JABOATÃO DOS GUARARAPES,CEMADEN,CEMADEN,Pluviométrica,834039,JABOATÃO DOS GUARARAPES_Cajueiro Seco,-8.16805555556,-34.9280555556,-,Não,Não,Não,Não,Não,Sim,Sim,-,-,-,-,-,Sim,Não,Não,Não,jan-14,-,-,-,01/01/2014,-3888173.3588436143,-912359.3846685243
4829,"ATLÂNTICO,TRECHO NORTE/NORDESTE",-,PE,LAJEDO,CEMADEN,CEMADEN,Pluviométrica,836104,LAJEDO_Centro,-8.66027777778,-36.3222222222,-,Não,Não,Não,Não,Não,Sim,Sim,-,-,-,-,-,Sim,Não,Não,Não,jan-14,-,-,-,01/01/2014,-4043371.282257904,-967749.6988831246
4830,"ATLÂNTICO,TRECHO NORTE/NORDESTE",-,PE,LAJEDO,EMATER,EMATER,Pluviométrica,836078,LAJEDO,-8.65,-36.3333333333,-,Não,Não,Não,Não,Não,Não,Sim,-,-,-,-,-,Sim,Não,Não,Não,mar-79,-,-,-,00:00:00,-4044608.1654889407,-966592.4026228287
4832,"ATLÂNTICO,TRECHO NORTE/NORDESTE",-,PE,MACHADOS,EMATER,EMATER,Pluviométrica,735146,MACHADOS,-7.7,-35.5333333333,-,Não,Não,Não,Não,Não,Não,Sim,-,-,-,-,-,Sim,Não,Não,Não,ago-79,-,-,-,00:00:00,-3955552.572854321,-859751.9518575027
4840,"ATLÂNTICO,TRECHO NORTE/NORDESTE",-,PE,OLINDA,APAC-PE,APAC-PE,Pluviométrica,734034,1º BATALHÃO DUARTE COELHO,-7.96083333333,-34.8316666667,-,Não,Não,Não,Não,Não,Sim,Sim,-,-,-,-,-,Não,Não,Não,Não,-,-,-,-,01/07/2013,-3877443.396814374,-889061.1003856463
4841,"ATLÂNTICO,TRECHO NORTE/NORDESTE",-,PE,OLINDA,CEMADEN,CEMADEN,Pluviométrica,834040,OLINDA_Bonsucesso,-8.00805555556,-34.8511111111,-,Não,Não,Não,Não,Não,Sim,Sim,-,-,-,-,-,Sim,Não,Não,Não,jan-14,-,-,-,01/01/2014,-3879607.9424686874,-894369.3130563197
4842,"ATLÂNTICO,TRECHO NORTE/NORDESTE",-,PE,OLINDA,APAC-PE,APAC-PE,Pluviométrica,734035,DEFESA CIVIL OLINDA,-7.98638888889,-34.9088888889,-,Não,Não,Não,Não,Não,Sim,Sim,-,-,-,-,-,Não,Não,Não,Não,-,-,-,-,01/07/2013,-3886039.735270076,-891933.7039919054
4843,"ATLÂNTICO,TRECHO NORTE/NORDESTE",-,PE,OLINDA,APAC-PE,APAC-PE,Pluviométrica,834018,SALGADINHO,-8.03611111111,-34.8691666667,-,Não,Não,Não,Não,Não,Sim,Sim,-,-,-,-,-,Não,Não,Não,Não,-,-,-,-,01/07/2013,-3881617.877719121,-897523.3071159524
4844,"ATLÂNTICO,TRECHO NORTE/NORDESTE",-,PE,OLINDA,CEMADEN,CEMADEN,Pluviométrica,734064,OLINDA_Águas Compridas,-7.98305555556,-34.9119444444,-,Não,Não,Não,Não,Não,Sim,Sim,-,-,-,-,-,Sim,Não,Não,Não,jan-14,-,-,-,01/01/2014,-3886379.8781586117,-891559.0063830796
4845,"ATLÂNTICO,TRECHO NORTE/NORDESTE",-,PE,OLINDA,CEMADEN,CEMADEN,Pluviométrica,734065,OLINDA_Aguazinha,-7.99888888889,-34.8869444444,-,Não,Não,Não,Não,Não,Sim,Sim,-,-,-,-,-,Sim,Não,Não,Não,jan-14,-,-,-,01/01/2014,-3883596.8908887794,-893338.8472745089
4846,"ATLÂNTICO,TRECHO NORTE/NORDESTE",-,PE,OLINDA,CEMADEN,CEMADEN,Pluviométrica,734066,OLINDA_Jardim Fragoso,-7.98388888889,-34.8530555556,-,Não,Não,Não,Não,Não,Sim,Sim,-,-,-,-,-,Sim,Não,Não,Não,jan-14,-,-,-,01/01/2014,-3879824.3970341193,-891652.6804986352
4847,"ATLÂNTICO,TRECHO NORTE/NORDESTE",-,PE,OLINDA,CEMADEN,CEMADEN,Pluviométrica,734067,OLINDA_Tabajara,-7.97305555556,-34.8680555556,-,Não,Não,Não,Não,Não,Sim,Sim,-,-,-,-,-,Sim,Não,Não,Não,jan-14,-,-,-,01/01/2014,-3881494.189396018,-890434.9318937269
4857,"ATLÂNTICO,TRECHO NORTE/NORDESTE",-,PE,PARANATAMA,EMATER,EMATER,Pluviométrica,836080,PARANATAMA,-8.9,-36.65,-,Não,Não,Não,Não,Não,Não,Sim,-,-,-,-,-,Sim,Não,Não,Não,jul-79,-,-,-,00:00:00,-4079859.3375734766,-994751.9042886834
4864,"ATLÂNTICO,TRECHO NORTE/NORDESTE",-,PE,PAUDALHO,ANA,CPRM,Pluviométrica,735066,PAUDALHO,-7.89416666667,-35.1733333333,-,Não,Não,Não,Não,Não,Sim,Sim,-,-,-,-,-,Sim,Não,Não,Não,set-67,-,-,-,01/04/2011,-3915477.556168742,-881568.1937067454
4865,"ATLÂNTICO,TRECHO NORTE/NORDESTE",-,PE,PAUDALHO,DNOCS,DNOCS,Pluviométrica,735065,PAUDALHO,-7.9,-35.1666666667,-,Não,Não,Não,Não,Não,Não,Sim,-,-,-,-,-,Sim,Não,Não,Não,mar-43,-,-,-,00:00:00,-3914735.426230121,-882223.7746321363
4868,"ATLÂNTICO,TRECHO NORTE/NORDESTE",-,PE,PAUDALHO,ANA,CPRM,Pluviométrica,735169,BARRAGEM GLÓRIA DO GOITA,-7.96805555556,-35.1158333333,399,Não,Não,Não,Não,Não,Sim,Sim,-,-,-,-,-,Não,Não,Não,Não,-,-,-,-,01/04/2011,-3909076.6854481287,-889872.9049555273
4874,"ATLÂNTICO,TRECHO NORTE/NORDESTE",-,PE,PESQUEIRA,EMATER,EMATER,Pluviométrica,836082,PESQUEIRA,-8.36666666667,-36.7,-,Não,Não,Não,Não,Não,Não,Sim,-,-,-,-,-,Sim,Não,Não,Não,abr-79,-,-,-,00:00:00,-4085425.3121131393,-934700.8596529053
4875,"ATLÂNTICO,TRECHO NORTE/NORDESTE",-,PE,PESQUEIRA,INMET,INMET,Pluviométrica,836031,PESQUEIRA,-8.4,-36.7666666667,-,Não,Não,Não,Não,Não,Não,Sim,-,-,-,-,-,Sim,Sim,Sim,Sim,set-11,set-11,set-11,set-11,00:00:00,-4092846.611499358,-938451.5867259082
4876,"ATLÂNTICO,TRECHO NORTE/NORDESTE",-,PE,PESQUEIRA,APAC-PE,APAC-PE,Pluviométrica,836032,PESQUEIRA,-8.36666666667,-36.7,-,Não,Não,Não,Não,Não,Não,Sim,-,-,-,-,-,Sim,Não,Não,Não,jun-20,-,-,-,00:00:00,-4085425.3121131393,-934700.8596529053
4878,"ATLÂNTICO,TRECHO NORTE/NORDESTE",-,PE,POÇÃO,CEMADEN,CEMADEN,Pluviométrica,836105,POÇÃO_Centro,-8.185,-36.7069444444,-,Não,Não,Não,Não,Não,Sim,Sim,-,-,-,-,-,Sim,Não,Não,Não,jan-14,-,-,-,01/01/2014,-4086198.364132538,-914265.003017068
4879,"ATLÂNTICO,TRECHO NORTE/NORDESTE",-,PE,POÇÃO,ANA,CPRM,Pluviométrica,836093,POÇÃO,-8.18944444444,-36.7069444444,-,Não,Não,Não,Não,Não,Não,Sim,-,-,-,-,-,Sim,Não,Não,Não,mar-86,-,-,-,00:00:00,-4086198.364132538,-914764.8507504038
4880,"ATLÂNTICO,TRECHO NORTE/NORDESTE",-,PE,POÇÃO,EMATER,EMATER,Pluviométrica,836083,POÇÃO,-8.2,-36.7,-,Não,Não,Não,Não,Não,Não,Sim,-,-,-,-,-,Sim,Não,Não,Não,mar-79,-,-,-,00:00:00,-4085425.3121131402,-915952.0114866449
4881,"ATLÂNTICO,TRECHO NORTE/NORDESTE",-,PE,QUIPAPA,CEMADEN,CEMADEN,Pluviométrica,836106,QUIPAPA_Centro,-8.83,-36.0130555556,-,Não,Não,Não,Não,Não,Sim,Sim,-,-,-,-,-,Sim,Não,Não,Não,jan-14,-,-,-,01/01/2014,-4008955.0063543157,-986865.327870947
4882,"ATLÂNTICO,TRECHO NORTE/NORDESTE",-,PE,QUIPAPA,CEMADEN,CEMADEN,Pluviométrica,836107,QUIPAPA_Vila Nova,-8.84388888889,-36.115,-,Não,Não,Não,Não,Não,Sim,Sim,-,-,-,-,-,Sim,Não,Não,Não,jan-14,-,-,-,01/01/2014,-4020303.4099990753,-988430.0053703312
4883,"ATLÂNTICO,TRECHO NORTE/NORDESTE",-,PE,QUIPAPA,CEMADEN,CEMADEN,Pluviométrica,836108,QUIPAPA_Cruzeiro do Congo,-8.80388888889,-36.0930555556,-,Não,Não,Não,Não,Não,Sim,Sim,-,-,-,-,-,Sim,Não,Não,Não,jan-14,-,-,-,01/01/2014,-4017860.5656177783,-983923.8936017107
4884,"ATLÂNTICO,TRECHO NORTE/NORDESTE",-,PE,RIACHO DAS ALMAS,EMATER,EMATER,Pluviométrica,835129,RIACHO DAS ALMAS,-8.13333333333,-35.8666666667,-,Não,Não,Não,Não,Não,Não,Sim,-,-,-,-,-,Sim,Não,Não,Não,ago-79,-,-,-,00:00:00,-3992659.0697854124,-908454.6815534558
4886,"ATLÂNTICO,TRECHO NORTE/NORDESTE",-,PE,SALGADINHO,EMATER,EMATER,Pluviométrica,735149,SALGADINHO,-7.91666666667,-35.6666666667,-,Não,Não,Não,Não,Não,Não,Sim,-,-,-,-,-,Sim,Não,Não,Não,jan-79,-,-,-,00:00:00,-3970395.171626757,-884096.9140485318
4887,"ATLÂNTICO,TRECHO NORTE/NORDESTE",-,PE,SALGADINHO,ANA,CPRM,Pluviométrica,735067,SALGADINHO,-7.94277777778,-35.6341666667,-,Não,Não,Não,Não,Não,Não,Sim,-,-,-,-,-,Sim,Não,Não,Não,dez-62,-,-,-,00:00:00,-3966777.288175976,-887031.6515378025
4890,"ATLÂNTICO,TRECHO NORTE/NORDESTE",-,PE,SANHARÓ,CEMADEN,CEMADEN,Pluviométrica,836109,SANHARO_Centro,-8.35888888889,-36.5638888889,-,Não,Não,Não,Não,Não,Sim,Sim,-,-,-,-,-,Sim,Não,Não,Não,jan-14,-,-,-,01/01/2014,-4070273.4925329443,-933825.7362268267
4891,"ATLÂNTICO,TRECHO NORTE/NORDESTE",-,PE,SANHARÓ,ANA,CPRM,Pluviométrica,836043,SANHARÓ,-8.36555555556,-36.5602777778,-,Não,Não,Não,Não,Não,Não,Sim,-,-,-,-,-,Sim,Não,Não,Não,nov-62,-,-,-,00:00:00,-4069871.5054828576,-934575.8409512965
4892,"ATLÂNTICO,TRECHO NORTE/NORDESTE",-,PE,SANHARÓ,EMATER,EMATER,Pluviométrica,836085,SANHARO,-8.36666666667,-36.5666666667,-,Não,Não,Não,Não,Não,Não,Sim,-,-,-,-,-,Sim,Não,Não,Não,ago-79,-,-,-,00:00:00,-4070582.713340704,-934700.8596529053
4910,"ATLÂNTICO,TRECHO NORTE/NORDESTE",-,PE,SÃO BENTO DO UNA,EMATER,EMATER,Pluviométrica,836086,SÃO BENTO DO UNA,-8.53333333333,-36.45,-,Não,Não,Não,Não,Não,Não,Sim,-,-,-,-,-,Sim,Não,Não,Não,jul-79,-,-,-,00:00:00,-4057595.439414822,-953457.7306334263
4911,"ATLÂNTICO,TRECHO NORTE/NORDESTE",-,PE,SÃO BENTO DO UNA,DNOCS,DNOCS,Pluviométrica,836037,SÃO BENTO DO UNA,-8.51666666667,-36.3666666667,-,Não,Não,Não,Não,Não,Não,Sim,-,-,-,-,-,Sim,Não,Não,Não,mai-20,-,-,-,00:00:00,-4048318.8151820484,-951581.6777884911
4913,"ATLÂNTICO,TRECHO NORTE/NORDESTE",-,PE,SÃO JOAQUIM DO MONTE,CEMADEN,CEMADEN,Pluviométrica,835200,SÃO JOAQUIM DO MONTE_Barra do Riachão,-8.50694444444,-35.895,-,Não,Não,Não,Não,Não,Sim,Sim,-,-,-,-,-,Sim,Não,Não,Não,jan-14,-,-,-,01/01/2014,-3995813.122024554,-950487.3513779483
4914,"ATLÂNTICO,TRECHO NORTE/NORDESTE",-,PE,SÃO JOAQUIM DO MONTE,EMATER,EMATER,Pluviométrica,835132,SÃO JOAQUIM DO MONTE,-8.43333333333,-35.8333333333,-,Não,Não,Não,Não,Não,Não,Sim,-,-,-,-,-,Sim,Não,Não,Não,jul-79,-,-,-,00:00:00,-3988948.4200923024,-942202.6360349957
4920,"ATLÂNTICO,TRECHO NORTE/NORDESTE",-,PE,SÃO LOURENÇO DA MATA,IAA,IAA,Pluviométrica,735084,USINA TIUMA (IAA),-7.96666666667,-35.0666666667,-,Não,Não,Não,Não,Não,Não,Sim,-,-,-,-,-,Sim,Não,Não,Não,abr-67,-,-,-,00:00:00,-3903603.4771507937,-889716.7875801102
4921,"ATLÂNTICO,TRECHO NORTE/NORDESTE",-,PE,SÃO LOURENÇO DA MATA,ANA,CPRM,Pluviométrica,735050,ENGENHO SÍTIO,-7.96805555556,-35.1566666667,-,Não,Não,Não,Não,Não,Não,Sim,-,-,-,-,-,Sim,Não,Não,Não,abr-67,-,-,-,00:00:00,-3913622.2313221875,-889872.9049555273
4922,"ATLÂNTICO,TRECHO NORTE/NORDESTE",-,PE,SÃO LOURENÇO DA MATA,CEMADEN,CEMADEN,Pluviométrica,835202,SÃO LOURENÇO DA MATA_Rua dos Milagres,-8.01,-35.0161111111,-,Não,Não,Não,Não,Não,Sim,Sim,-,-,-,-,-,Sim,Não,Não,Não,jan-14,-,-,-,01/01/2014,-3897975.658449577,-894587.8996878415
4923,"ATLÂNTICO,TRECHO NORTE/NORDESTE",-,PE,SÃO LOURENÇO DA MATA,CEMADEN,CEMADEN,Pluviométrica,735225,SÃO LOURENÇO DA MATA_Tiúma,-7.97888888889,-35.0730555556,-,Não,Não,Não,Não,Não,Sim,Sim,-,-,-,-,-,Sim,Não,Não,Não,jan-14,-,-,-,01/01/2014,-3904314.6850086395,-891090.6386708923
4924,"ATLÂNTICO,TRECHO NORTE/NORDESTE",-,PE,SÃO LOURENÇO DA MATA,CEMADEN,CEMADEN,Pluviométrica,735224,SÃO LOURENÇO DA MATA_Chã da Tábua,-7.995,-35.035,-,Não,Não,Não,Não,Não,Sim,Sim,-,-,-,-,-,Sim,Não,Não,Não,jan-14,-,-,-,01/01/2014,-3900078.359942339,-892901.6869735789
4925,"ATLÂNTICO,TRECHO NORTE/NORDESTE",-,PE,SÃO LOURENÇO DA MATA,ANA,CPRM,Pluviométrica,835048,SÃO LOURENÇO DA MATA II,-7.99861111111,-35.0319444444,-,Não,Não,Não,Não,Não,Sim,Sim,-,-,-,-,-,Sim,Não,Não,Não,jan-63,-,-,-,01/04/2011,-3899738.2170538045,-893307.6214004783
4928,"ATLÂNTICO,TRECHO NORTE/NORDESTE",-,PE,SÃO LOURENÇO DA MATA,CEMADEN,CEMADEN,Pluviométrica,835201,SÃO LOURENÇO DA MATA_Nossa Senhora da Luz,-8.03694444444,-35.1,-,Não,Não,Não,Não,Não,Sim,Sim,-,-,-,-,-,Sim,Não,Não,Não,jan-14,-,-,-,01/01/2014,-3907314.1268439027,-897616.9934384915
4943,"ATLÂNTICO,TRECHO NORTE/NORDESTE",-,PE,XEXÉU,CEMADEN,CEMADEN,Pluviométrica,835207,XEXÉU_Centro,-8.805,-35.6269444444,-,Não,Não,Não,Não,Não,Sim,Sim,-,-,-,-,-,Sim,Não,Não,Não,jan-14,-,-,-,01/01/2014,-3965973.3140758025,-984049.05678375
4947,"ATLÂNTICO,TRECHO NORTE/NORDESTE",-,PE,ABREU E LIMA,CEMADEN,CEMADEN,Pluviométrica,734058,ABREU E LIMA_Distrito Industrial - Timbó,-7.91694444444,-34.8980555556,-,Não,Não,Não,Não,Não,Sim,Sim,-,-,-,-,-,Sim,Não,Não,Não,jan-14,-,-,-,01/01/2014,-3884833.774119817,-884128.1336802935
4948,"ATLÂNTICO,TRECHO NORTE/NORDESTE",-,PE,ABREU E LIMA,CEMADEN,CEMADEN,Pluviométrica,734068,PAULISTA_Paratibe,-7.93,-34.9030555556,-,Não,Não,Não,Não,Não,Sim,Sim,-,-,-,-,-,Sim,Não,Não,Não,jan-14,-,-,-,01/01/2014,-3885390.3715737825,-885595.4801285971
4949,"ATLÂNTICO,TRECHO NORTE/NORDESTE",-,PE,ÁGUA PRETA,EMATER,EMATER,Pluviométrica,835111,ÁGUA PRETA,-8.7025,-35.5219444444,-,Não,Não,Não,Não,Não,Não,Sim,-,-,-,-,-,Sim,Não,Não,Não,nov-79,-,-,-,00:00:00,-3954284.767542509,-972504.3292242796
4952,"ATLÂNTICO,TRECHO NORTE/NORDESTE",-,PE,ÁGUA PRETA,CEMADEN,CEMADEN,Pluviométrica,835159,ÁGUA PRETA_Bairro D´Ouro,-8.69388888889,-35.5261111111,-,Não,Não,Não,Não,Não,Sim,Sim,-,-,-,-,-,Sim,Não,Não,Não,jan-14,-,-,-,01/01/2014,-3954748.5987541475,-971534.5914284086
4953,"ATLÂNTICO,TRECHO NORTE/NORDESTE",-,PE,ALIANÇA,EMATER,EMATER,Pluviométrica,735137,ALIANÇA,-7.58333333333,-35.2,-,Não,Não,Não,Não,Não,Não,Sim,-,-,-,-,-,Sim,Não,Não,Não,ago-79,-,-,-,00:00:00,-3918446.07592323,-846648.3033976218
4954,"ATLÂNTICO,TRECHO NORTE/NORDESTE",-,PE,ALIANÇA,DNOCS,DNOCS,Pluviométrica,735039,ALIANÇA,-7.58333333333,-35.2,-,Não,Não,Não,Não,Não,Não,Sim,-,-,-,-,-,Sim,Não,Não,Não,jan-49,-,-,-,00:00:00,-3918446.07592323,-846648.3033976218
4955,"ATLÂNTICO,TRECHO NORTE/NORDESTE",-,PE,ANGELIM,EMATER,EMATER,Pluviométrica,836066,ANGELIM,-8.88333333333,-36.3,-,Não,Não,Não,Não,Não,Não,Sim,-,-,-,-,-,Sim,Não,Não,Não,jul-79,-,-,-,00:00:00,-4040897.5157958306,-992874.0115913604
4958,"ATLÂNTICO,TRECHO NORTE/NORDESTE",-,PE,BARREIROS,CEMADEN,CEMADEN,Pluviométrica,835161,BARREIROS_Barreiros,-8.81305555556,-35.1988888889,-,Não,Não,Não,Não,Não,Sim,Sim,-,-,-,-,-,Sim,Não,Não,Não,jan-14,-,-,-,01/01/2014,-3918322.3876001257,-984956.5011005454
4959,"ATLÂNTICO,TRECHO NORTE/NORDESTE",-,PE,BARREIROS,CEMADEN,CEMADEN,Pluviométrica,835162,BARREIROS_Rod. Armínio Cuil Hi Rme,-8.80694444444,-35.1861111111,-,Não,Não,Não,Não,Não,Sim,Sim,-,-,-,-,-,Sim,Não,Não,Não,jan-14,-,-,-,01/01/2014,-3916899.971884433,-984268.0932570318
4960,"ATLÂNTICO,TRECHO NORTE/NORDESTE",-,PE,BARREIROS,ANA,CPRM,Pluviométrica,835151,BARREIROS,-8.79916666667,-35.205,-,Não,Não,Não,Não,Não,Sim,Sim,-,-,-,-,-,Não,Não,Não,Não,-,-,-,-,01/08/2012,-3919002.6733771963,-983391.9542713485
4965,"ATLÂNTICO,TRECHO NORTE/NORDESTE",-,PE,BELO JARDIM,EMATER,EMATER,Pluviométrica,836067,BELO JARDIM,-8.33333333333,-36.4333333333,-,Não,Não,Não,Não,Não,Não,Sim,-,-,-,-,-,Sim,Não,Não,Não,jul-79,-,-,-,00:00:00,-4055740.1145682666,-930950.4534913582
4966,"ATLÂNTICO,TRECHO NORTE/NORDESTE",-,PE,BELO JARDIM,APAC-PE,APAC-PE,Pluviométrica,836004,BELO JARDIM,-8.33333333333,-36.45,-,Não,Não,Não,Não,Não,Não,Sim,-,-,-,-,-,Sim,Sim,Não,Não,dez-62,dez-62,-,-,00:00:00,-4057595.439414822,-930950.4534913582
4968,"ATLÂNTICO,TRECHO NORTE/NORDESTE",-,PE,BOM CONSELHO,APAC-PE,APAC-PE,Pluviométrica,936001,BOM CONSELHO,-9.16666666667,-36.6833333333,-,Não,Não,Não,Não,Não,Não,Sim,-,-,-,-,-,Sim,Não,Não,Não,fev-34,-,-,-,00:00:00,-4083569.987266585,-1024809.9348160559
4969,"ATLÂNTICO,TRECHO NORTE/NORDESTE",-,PE,BOM CONSELHO,EMATER,EMATER,Pluviométrica,936103,BOM CONSELHO,-9.16666666667,-36.6833333333,-,Não,Não,Não,Não,Não,Não,Sim,-,-,-,-,-,Sim,Não,Não,Não,jul-79,-,-,-,00:00:00,-4083569.987266585,-1024809.9348160559
4971,"ATLÂNTICO,TRECHO NORTE/NORDESTE",-,PE,BREJÃO,ANA,CPRM,Pluviométrica,936119,BREJÃO,-9.03944444444,-36.5983333333,-,Não,Não,Não,Não,Não,Sim,Sim,-,-,-,-,-,Não,Não,Não,Não,-,-,-,-,01/04/2011,-4074107.8305491577,-1010466.9744962913
4972,"ATLÂNTICO,TRECHO NORTE/NORDESTE",-,PE,BREJÃO,EMATER,EMATER,Pluviométrica,936104,BREJÃO,-9.05,-36.5,-,Não,Não,Não,Não,Não,Não,Sim,-,-,-,-,-,Sim,Não,Não,Não,abr-80,-,-,-,00:00:00,-4063161.413954485,-1011656.8080352818
4973,"ATLÂNTICO,TRECHO NORTE/NORDESTE",-,PE,BUENOS AIRES,EMATER,EMATER,Pluviométrica,735139,BUENOS AIRES,-7.75,-35.3666666667,-,Não,Não,Não,Não,Não,Não,Sim,-,-,-,-,-,Sim,Não,Não,Não,ago-79,-,-,-,00:00:00,-3936999.3243887755,-865368.9024123101
4975,"ATLÂNTICO,TRECHO NORTE/NORDESTE",-,PE,CACHOEIRINHA,EMATER,EMATER,Pluviométrica,836069,CACHOEIRINHA,-8.48333333333,-36.1833333333,-,Não,Não,Não,Não,Não,Não,Sim,-,-,-,-,-,Sim,Não,Não,Não,fev-80,-,-,-,00:00:00,-4027910.241869948,-947829.8170902786
4976,"ATLÂNTICO,TRECHO NORTE/NORDESTE",-,PE,CACHOEIRINHA,ANA,CPRM,Pluviométrica,836096,CACHOEIRINHA,-8.48833333333,-36.2313888889,-,Não,Não,Não,Não,Não,Sim,Sim,-,-,-,-,-,Não,Não,Não,Não,-,-,-,-,01/02/2011,-4033259.7618441815,-948392.5754087789
4977,"ATLÂNTICO,TRECHO NORTE/NORDESTE",-,PE,CACHOEIRINHA,CEMADEN,CEMADEN,Pluviométrica,836100,CACHOEIRINHA_Centro,-8.48388888889,-36.2380555556,-,Não,Não,Não,Não,Não,Sim,Sim,-,-,-,-,-,Sim,Não,Não,Não,jan-14,-,-,-,01/01/2014,-4034001.891782803,-947892.3454305298
4984,"ATLÂNTICO,TRECHO NORTE/NORDESTE",-,PE,CUMARU,ANA,CPRM,Pluviométrica,835135,CUMARU,-8.01194444444,-35.6961111111,-,Não,Não,Não,Não,Não,Não,Sim,-,-,-,-,-,Sim,Não,Não,Não,mar-86,-,-,-,00:00:00,-3973672.9121890035,-894806.4873632415
4986,"ATLÂNTICO,TRECHO NORTE/NORDESTE",-,PE,FEIRA NOVA,EMATER,EMATER,Pluviométrica,735141,FEIRA NOVA,-7.95,-35.35,-,Não,Não,Não,Não,Não,Não,Sim,-,-,-,-,-,Sim,Não,Não,Não,mai-80,-,-,-,00:00:00,-3935143.999542221,-887843.4203578553
4992,"ATLÂNTICO,TRECHO NORTE/NORDESTE",-,PE,GAMELEIRA,CEMADEN,CEMADEN,Pluviométrica,835179,GAMELEIRA_Centro,-8.58694444444,-35.3861111111,-,Não,Não,Não,Não,Não,Sim,Sim,-,-,-,-,-,Sim,Não,Não,Não,jan-14,-,-,-,01/01/2014,-3939163.8700430896,-959492.9234445198
4993,"ATLÂNTICO,TRECHO NORTE/NORDESTE",-,PE,GAMELEIRA,ANA,CPRM,Pluviométrica,835140,ENGENHO MATO GROSSO,-8.6375,-35.3055555556,-,Não,Não,Não,Não,Não,Não,Sim,-,-,-,-,-,Sim,Não,Não,Não,jan-89,-,-,-,00:00:00,-3930196.466618074,-965184.9227019888
5014,"ATLÂNTICO,TRECHO NORTE/NORDESTE",-,PE,IPOJUCA,CEMADEN,CEMADEN,Pluviométrica,835180,IPOJUCA_Centro,-8.4,-35.0638888889,-,Não,Não,Não,Não,Não,Sim,Sim,-,-,-,-,-,Sim,Não,Não,Não,jan-14,-,-,-,01/01/2014,-3903294.2563430336,-938451.5867259082
5015,"ATLÂNTICO,TRECHO NORTE/NORDESTE",-,PE,IPOJUCA,CEMADEN,CEMADEN,Pluviométrica,835181,IPOJUCA_Camela,-8.51111111111,-35.1219444444,-,Não,Não,Não,Não,Não,Sim,Sim,-,-,-,-,-,Sim,Não,Não,Não,jan-14,-,-,-,01/01/2014,-3909756.9712251984,-950956.3450081846
5016,"ATLÂNTICO,TRECHO NORTE/NORDESTE",-,PE,IPOJUCA,CEMADEN,CEMADEN,Pluviométrica,835182,IPOJUCA_Porto de Galinhas,-8.50694444444,-35.0038888889,-,Não,Não,Não,Não,Não,Sim,Sim,-,-,-,-,-,Sim,Não,Não,Não,jan-14,-,-,-,01/01/2014,-3896615.0868954374,-950487.3513779483
5017,"ATLÂNTICO,TRECHO NORTE/NORDESTE",-,PE,IPOJUCA,CEMADEN,CEMADEN,Pluviométrica,835183,IPOJUCA_Rurópolis,-8.41111111111,-35.07,-,Não,Não,Não,Não,Não,Sim,Sim,-,-,-,-,-,Sim,Não,Não,Não,jan-14,-,-,-,01/01/2014,-3903974.5421201047,-939701.9006261647
